ID	Split
gdb_66703	Split000
gdb_26191	Split000
gdb_51408	Split001
gdb_61444	Split000
gdb_90638	Split000
gdb_125585	Split000
gdb_57672	Split000
gdb_91667	Split000
gdb_101153	Split000
gdb_36201	Split000
gdb_119687	Split000
gdb_67936	Split000
gdb_38191	Split001
gdb_73567	Split001
gdb_16332	Split000
gdb_92902	Split000
gdb_7199	Split000
gdb_86439	Split000
gdb_43239	Split000
gdb_81861	Split000
gdb_43048	Split000
gdb_52839	Split000
gdb_111973	Split001
gdb_28320	Split000
gdb_111290	Split000
gdb_101892	Split000
gdb_102531	Split000
gdb_79817	Split000
gdb_111120	Split000
gdb_53230	Split001
gdb_6327	Split000
gdb_13724	Split001
gdb_90086	Split000
gdb_44390	Split000
gdb_96731	Split000
gdb_63553	Split000
gdb_121820	Split000
gdb_49719	Split000
gdb_103870	Split000
gdb_578	Split000
gdb_25295	Split000
gdb_87367	Split000
gdb_29662	Split000
gdb_118755	Split000
gdb_25411	Split000
gdb_43044	Split000
gdb_120441	Split000
gdb_68856	Split001
gdb_83624	Split000
gdb_48801	Split000
gdb_52158	Split001
gdb_32998	Split000
gdb_93268	Split000
gdb_36451	Split000
gdb_61102	Split000
gdb_51290	Split001
gdb_35133	Split000
gdb_18813	Split000
gdb_48678	Split001
gdb_115132	Split001
gdb_85470	Split000
gdb_18714	Split000
gdb_55504	Split000
gdb_119301	Split001
gdb_14624	Split000
gdb_28426	Split000
gdb_105610	Split000
gdb_119369	Split001
gdb_28877	Split000
gdb_96278	Split000
gdb_115425	Split000
gdb_132895	Split000
gdb_10928	Split000
gdb_132906	Split000
gdb_112422	Split000
gdb_62989	Split000
gdb_23266	Split000
gdb_14985	Split000
gdb_93764	Split000
gdb_67391	Split000
gdb_24575	Split000
gdb_31019	Split000
gdb_89994	Split000
gdb_116867	Split000
gdb_62314	Split001
gdb_25090	Split000
gdb_5869	Split000
gdb_20389	Split000
gdb_78222	Split000
gdb_102462	Split000
gdb_12273	Split000
gdb_90342	Split000
gdb_12138	Split000
gdb_126082	Split000
gdb_93748	Split000
gdb_25175	Split001
gdb_132396	Split000
gdb_102915	Split000
gdb_101825	Split000
gdb_80067	Split000
gdb_24457	Split000
gdb_131714	Split001
gdb_92516	Split000
gdb_118851	Split000
gdb_117087	Split001
gdb_31397	Split000
gdb_100944	Split000
gdb_105638	Split000
gdb_31287	Split001
gdb_99792	Split000
gdb_56194	Split000
gdb_115775	Split001
gdb_7379	Split000
gdb_19058	Split000
gdb_36180	Split000
gdb_96230	Split000
gdb_117274	Split000
gdb_30880	Split000
gdb_82764	Split000
gdb_52438	Split000
gdb_64735	Split000
gdb_33071	Split000
gdb_132946	Split000
gdb_12972	Split000
gdb_114031	Split000
gdb_101250	Split000
gdb_53432	Split001
gdb_85748	Split000
gdb_117451	Split000
gdb_121677	Split000
gdb_11375	Split000
gdb_130331	Split000
gdb_38472	Split000
gdb_43520	Split000
gdb_15991	Split000
gdb_18462	Split000
gdb_52814	Split001
gdb_33572	Split001
gdb_122120	Split000
gdb_108006	Split000
gdb_23212	Split000
gdb_71300	Split000
gdb_11291	Split000
gdb_130013	Split000
gdb_13035	Split001
gdb_31052	Split000
gdb_71311	Split000
gdb_30885	Split000
gdb_22989	Split001
gdb_21492	Split000
gdb_11201	Split000
gdb_89165	Split000
gdb_48787	Split000
gdb_94639	Split001
gdb_56274	Split000
gdb_78206	Split000
gdb_52888	Split000
gdb_53723	Split000
gdb_31144	Split000
gdb_74662	Split000
gdb_96823	Split000
gdb_1849	Split000
gdb_126866	Split000
gdb_97372	Split000
gdb_9533	Split000
gdb_87882	Split000
gdb_123909	Split000
gdb_3258	Split000
gdb_56834	Split001
gdb_65362	Split001
gdb_24063	Split000
gdb_6612	Split000
gdb_130737	Split001
gdb_404	Split000
gdb_78977	Split000
gdb_60920	Split000
gdb_439	Split000
gdb_33466	Split000
gdb_56860	Split000
gdb_43280	Split000
gdb_46568	Split000
gdb_115397	Split000
gdb_87189	Split000
gdb_30579	Split000
gdb_108872	Split000
gdb_122656	Split000
gdb_73625	Split000
gdb_54266	Split000
gdb_23823	Split000
gdb_22679	Split000
gdb_109362	Split001
gdb_101199	Split000
gdb_91460	Split000
gdb_21652	Split000
gdb_21637	Split000
gdb_94698	Split000
gdb_96924	Split000
gdb_96910	Split000
gdb_118286	Split000
gdb_122126	Split000
gdb_33020	Split000
gdb_118884	Split001
gdb_18458	Split000
gdb_126052	Split000
gdb_8579	Split000
gdb_119911	Split000
gdb_29808	Split000
gdb_59769	Split000
gdb_66438	Split000
gdb_90977	Split000
gdb_129764	Split000
gdb_40442	Split000
gdb_39579	Split000
gdb_10228	Split000
gdb_32576	Split000
gdb_55901	Split000
gdb_127011	Split001
gdb_88833	Split000
gdb_7568	Split000
gdb_115063	Split000
gdb_32340	Split000
gdb_7516	Split000
gdb_121001	Split000
gdb_112953	Split000
gdb_59339	Split001
gdb_76704	Split000
gdb_103155	Split001
gdb_14795	Split000
gdb_131079	Split000
gdb_89576	Split000
gdb_97889	Split000
gdb_44336	Split000
gdb_48443	Split000
gdb_24502	Split000
gdb_6268	Split000
gdb_64807	Split000
gdb_40358	Split001
gdb_63854	Split001
gdb_72013	Split001
gdb_5210	Split000
gdb_66694	Split000
gdb_97356	Split000
gdb_132731	Split000
gdb_1798	Split000
gdb_131609	Split000
gdb_29443	Split000
gdb_65520	Split001
gdb_103658	Split000
gdb_3546	Split000
gdb_28305	Split000
gdb_7074	Split000
gdb_23609	Split000
gdb_76173	Split000
gdb_132014	Split000
gdb_37865	Split001
gdb_92494	Split000
gdb_64813	Split000
gdb_106744	Split000
gdb_57951	Split000
gdb_101121	Split000
gdb_61230	Split001
gdb_112080	Split001
gdb_2855	Split000
gdb_121044	Split000
gdb_45443	Split000
gdb_10962	Split000
gdb_21612	Split000
gdb_130480	Split001
gdb_31477	Split000
gdb_101314	Split000
gdb_66990	Split000
gdb_114242	Split000
gdb_103722	Split000
gdb_25627	Split001
gdb_60402	Split001
gdb_61625	Split001
gdb_60977	Split000
gdb_51070	Split000
gdb_113460	Split000
gdb_84131	Split000
gdb_76634	Split000
gdb_79726	Split000
gdb_120563	Split000
gdb_31708	Split000
gdb_53083	Split001
gdb_127926	Split000
gdb_78318	Split001
gdb_23515	Split000
gdb_128725	Split001
gdb_13221	Split000
gdb_58835	Split000
gdb_17221	Split000
gdb_55169	Split001
gdb_8918	Split000
gdb_46187	Split000
gdb_130532	Split000
gdb_102486	Split000
gdb_35876	Split000
gdb_77860	Split000
gdb_116898	Split000
gdb_77259	Split000
gdb_54249	Split000
gdb_16816	Split000
gdb_31843	Split000
gdb_84823	Split001
gdb_3135	Split001
gdb_34119	Split001
gdb_36721	Split000
gdb_58093	Split001
gdb_64687	Split000
gdb_1626	Split000
gdb_110572	Split000
gdb_5746	Split000
gdb_69208	Split000
gdb_98608	Split001
gdb_62623	Split000
gdb_42734	Split000
gdb_68573	Split000
gdb_125294	Split001
gdb_32677	Split000
gdb_31792	Split001
gdb_81358	Split000
gdb_93673	Split000
gdb_40010	Split001
gdb_17625	Split000
gdb_122091	Split000
gdb_29295	Split000
gdb_56688	Split000
gdb_79332	Split001
gdb_120869	Split000
gdb_127907	Split000
gdb_51040	Split001
gdb_129214	Split001
gdb_53767	Split000
gdb_116724	Split001
gdb_22218	Split000
gdb_129318	Split000
gdb_123956	Split000
gdb_90825	Split000
gdb_52050	Split001
gdb_116190	Split000
gdb_6553	Split000
gdb_48005	Split001
gdb_61359	Split000
gdb_129682	Split001
gdb_26791	Split000
gdb_81141	Split001
gdb_619	Split000
gdb_22550	Split000
gdb_101380	Split001
gdb_28118	Split000
gdb_2799	Split001
gdb_128897	Split000
gdb_131059	Split000
gdb_119212	Split000
gdb_2757	Split001
gdb_46065	Split000
gdb_79414	Split000
gdb_70724	Split000
gdb_90297	Split000
gdb_25388	Split000
gdb_65960	Split000
gdb_64661	Split000
gdb_55269	Split000
gdb_60255	Split001
gdb_20124	Split000
gdb_109941	Split000
gdb_82383	Split000
gdb_51411	Split001
gdb_5501	Split001
gdb_29120	Split000
gdb_23906	Split000
gdb_38226	Split000
gdb_50208	Split000
gdb_15619	Split001
gdb_19370	Split000
gdb_57971	Split000
gdb_111457	Split000
gdb_89422	Split000
gdb_102850	Split000
gdb_30197	Split000
gdb_24883	Split000
gdb_85075	Split000
gdb_32848	Split000
gdb_120528	Split000
gdb_18370	Split000
gdb_25291	Split000
gdb_42996	Split000
gdb_20494	Split000
gdb_108219	Split000
gdb_20800	Split001
gdb_103397	Split001
gdb_54183	Split000
gdb_124537	Split000
gdb_15248	Split000
gdb_63703	Split000
gdb_35236	Split000
gdb_65206	Split001
gdb_120326	Split001
gdb_6640	Split000
gdb_75267	Split000
gdb_105068	Split001
gdb_15302	Split000
gdb_87790	Split000
gdb_83731	Split000
gdb_883	Split000
gdb_122190	Split000
gdb_21920	Split001
gdb_116948	Split000
gdb_43074	Split000
gdb_60617	Split001
gdb_17447	Split001
gdb_6366	Split000
gdb_56325	Split000
gdb_16374	Split000
gdb_33967	Split001
gdb_56376	Split000
gdb_41305	Split001
gdb_100025	Split000
gdb_89950	Split001
gdb_68853	Split001
gdb_2120	Split000
gdb_7107	Split000
gdb_128491	Split000
gdb_107517	Split000
gdb_116480	Split000
gdb_67723	Split000
gdb_41308	Split000
gdb_23824	Split000
gdb_108294	Split001
gdb_53187	Split000
gdb_87864	Split000
gdb_120447	Split000
gdb_42670	Split000
gdb_74792	Split000
gdb_5744	Split000
gdb_117000	Split000
gdb_75557	Split001
gdb_53354	Split000
gdb_90535	Split000
gdb_35302	Split001
gdb_32712	Split000
gdb_104349	Split000
gdb_80132	Split000
gdb_2102	Split000
gdb_20376	Split000
gdb_86114	Split000
gdb_31390	Split000
gdb_117417	Split000
gdb_77563	Split000
gdb_125289	Split000
gdb_56621	Split000
gdb_48836	Split001
gdb_99151	Split001
gdb_47177	Split000
gdb_47524	Split000
gdb_39301	Split001
gdb_62189	Split000
gdb_14814	Split001
gdb_100084	Split001
gdb_55883	Split000
gdb_33830	Split001
gdb_90154	Split000
gdb_127900	Split000
gdb_52626	Split000
gdb_40169	Split001
gdb_52020	Split000
gdb_90544	Split000
gdb_25419	Split000
gdb_91477	Split001
gdb_97561	Split000
gdb_28638	Split000
gdb_54457	Split000
gdb_109323	Split001
gdb_7070	Split000
gdb_50056	Split000
gdb_87546	Split000
gdb_78056	Split000
gdb_69029	Split000
gdb_110594	Split000
gdb_3924	Split000
gdb_108121	Split000
gdb_64186	Split000
gdb_27902	Split000
gdb_92668	Split001
gdb_91864	Split001
gdb_58171	Split000
gdb_65122	Split000
gdb_93328	Split000
gdb_70542	Split000
gdb_70579	Split001
gdb_94727	Split000
gdb_79236	Split000
gdb_40680	Split000
gdb_57194	Split001
gdb_98068	Split000
gdb_108454	Split000
gdb_17787	Split000
gdb_72909	Split001
gdb_35606	Split000
gdb_122111	Split000
gdb_11105	Split000
gdb_36836	Split001
gdb_116037	Split001
gdb_5675	Split000
gdb_44576	Split000
gdb_11413	Split000
gdb_13551	Split001
gdb_132329	Split000
gdb_36183	Split000
gdb_16884	Split000
gdb_14131	Split000
gdb_110885	Split000
gdb_33706	Split000
gdb_131124	Split000
gdb_331	Split000
gdb_119036	Split000
gdb_11649	Split001
gdb_39570	Split000
gdb_106207	Split001
gdb_34948	Split000
gdb_51329	Split000
gdb_89138	Split000
gdb_109604	Split001
gdb_18956	Split000
gdb_98543	Split000
gdb_30133	Split000
gdb_25315	Split001
gdb_28662	Split000
gdb_122893	Split000
gdb_64654	Split001
gdb_72633	Split000
gdb_129869	Split000
gdb_109952	Split000
gdb_46522	Split000
gdb_59347	Split001
gdb_970	Split000
gdb_84402	Split000
gdb_133880	Split000
gdb_49812	Split000
gdb_71271	Split000
gdb_58923	Split000
gdb_22296	Split000
gdb_132358	Split000
gdb_15588	Split001
gdb_86904	Split000
gdb_69746	Split000
gdb_102337	Split000
gdb_112602	Split000
gdb_50508	Split000
gdb_104196	Split000
gdb_59988	Split000
gdb_85981	Split000
gdb_42274	Split001
gdb_116701	Split000
gdb_129783	Split000
gdb_120143	Split000
gdb_63644	Split000
gdb_108458	Split000
gdb_132512	Split000
gdb_6433	Split000
gdb_74829	Split001
gdb_52693	Split000
gdb_24722	Split000
gdb_31070	Split000
gdb_94845	Split000
gdb_127851	Split001
gdb_124225	Split000
gdb_60601	Split000
gdb_70190	Split000
gdb_107371	Split001
gdb_51821	Split000
gdb_23818	Split000
gdb_100747	Split000
gdb_104033	Split000
gdb_78644	Split000
gdb_5911	Split000
gdb_21285	Split000
gdb_114710	Split000
gdb_109175	Split000
gdb_782	Split000
gdb_79862	Split000
gdb_101486	Split000
gdb_70298	Split000
gdb_98024	Split000
gdb_120500	Split000
gdb_80737	Split000
gdb_68094	Split000
gdb_37780	Split001
gdb_25195	Split000
gdb_24977	Split000
gdb_29489	Split000
gdb_47591	Split000
gdb_60413	Split000
gdb_120934	Split000
gdb_43501	Split000
gdb_11026	Split000
gdb_54525	Split000
gdb_6835	Split000
gdb_45932	Split000
gdb_11264	Split000
gdb_127045	Split000
gdb_89651	Split000
gdb_90289	Split000
gdb_84656	Split000
gdb_113302	Split000
gdb_128706	Split001
gdb_78823	Split000
gdb_80862	Split000
gdb_121048	Split000
gdb_87927	Split000
gdb_30086	Split000
gdb_7019	Split000
gdb_68703	Split000
gdb_119464	Split001
gdb_58135	Split001
gdb_45175	Split000
gdb_67427	Split001
gdb_91345	Split000
gdb_86979	Split000
gdb_126320	Split000
gdb_110436	Split000
gdb_27238	Split000
gdb_85270	Split000
gdb_114437	Split000
gdb_124497	Split000
gdb_104440	Split000
gdb_100730	Split000
gdb_105720	Split001
gdb_69715	Split000
gdb_92345	Split000
gdb_124759	Split000
gdb_9264	Split000
gdb_14586	Split000
gdb_41883	Split000
gdb_108426	Split000
gdb_64981	Split000
gdb_26265	Split000
gdb_7590	Split000
gdb_31941	Split000
gdb_49771	Split000
gdb_69509	Split000
gdb_120853	Split001
gdb_82152	Split000
gdb_115126	Split001
gdb_2884	Split000
gdb_125626	Split000
gdb_108481	Split000
gdb_64694	Split000
gdb_39330	Split000
gdb_85099	Split001
gdb_53620	Split000
gdb_73410	Split000
gdb_98699	Split000
gdb_95649	Split000
gdb_77497	Split000
gdb_7012	Split000
gdb_102689	Split000
gdb_656	Split000
gdb_102438	Split000
gdb_5218	Split000
gdb_27130	Split001
gdb_52973	Split000
gdb_39079	Split000
gdb_92952	Split000
gdb_2854	Split000
gdb_104335	Split000
gdb_38726	Split001
gdb_93803	Split000
gdb_109695	Split001
gdb_86507	Split000
gdb_131620	Split001
gdb_51981	Split000
gdb_127757	Split000
gdb_122856	Split000
gdb_40082	Split000
gdb_28006	Split000
gdb_57450	Split000
gdb_31366	Split000
gdb_108759	Split000
gdb_16236	Split000
gdb_56738	Split001
gdb_116794	Split000
gdb_63561	Split000
gdb_69907	Split000
gdb_117904	Split000
gdb_79759	Split000
gdb_113681	Split000
gdb_116120	Split000
gdb_19941	Split001
gdb_104059	Split001
gdb_15296	Split000
gdb_71977	Split001
gdb_40048	Split001
gdb_52162	Split001
gdb_131943	Split000
gdb_95720	Split000
gdb_118867	Split001
gdb_96550	Split000
gdb_40322	Split000
gdb_73409	Split000
gdb_25360	Split000
gdb_78693	Split000
gdb_92476	Split000
gdb_90053	Split000
gdb_86603	Split000
gdb_7558	Split000
gdb_57902	Split001
gdb_77373	Split000
gdb_47435	Split000
gdb_21175	Split000
gdb_84466	Split001
gdb_62292	Split001
gdb_39514	Split001
gdb_116938	Split000
gdb_87881	Split000
gdb_88006	Split000
gdb_80453	Split000
gdb_81920	Split000
gdb_17674	Split000
gdb_45363	Split000
gdb_114693	Split000
gdb_22197	Split000
gdb_87372	Split000
gdb_120214	Split001
gdb_58545	Split000
gdb_73355	Split000
gdb_72430	Split001
gdb_20243	Split000
gdb_31443	Split000
gdb_58727	Split000
gdb_15982	Split000
gdb_59483	Split001
gdb_99363	Split000
gdb_107288	Split000
gdb_84292	Split000
gdb_30122	Split000
gdb_55264	Split000
gdb_61835	Split001
gdb_24609	Split000
gdb_83662	Split000
gdb_88021	Split000
gdb_89357	Split000
gdb_90169	Split000
gdb_13909	Split001
gdb_40623	Split000
gdb_15863	Split000
gdb_72896	Split001
gdb_124766	Split000
gdb_1050	Split000
gdb_117059	Split000
gdb_115080	Split001
gdb_14584	Split000
gdb_103753	Split000
gdb_66206	Split000
gdb_115439	Split000
gdb_15942	Split000
gdb_126591	Split000
gdb_112418	Split000
gdb_86566	Split001
gdb_51702	Split000
gdb_33621	Split001
gdb_62894	Split000
gdb_24257	Split001
gdb_98330	Split000
gdb_4309	Split000
gdb_120999	Split001
gdb_58283	Split000
gdb_15237	Split000
gdb_89513	Split000
gdb_35562	Split000
gdb_100819	Split000
gdb_67590	Split000
gdb_40217	Split000
gdb_24334	Split000
gdb_84635	Split000
gdb_75138	Split000
gdb_77002	Split000
gdb_100462	Split000
gdb_120474	Split001
gdb_99162	Split000
gdb_111672	Split000
gdb_30558	Split000
gdb_87096	Split000
gdb_16521	Split001
gdb_118395	Split000
gdb_27079	Split001
gdb_126019	Split000
gdb_69580	Split000
gdb_2340	Split001
gdb_45342	Split000
gdb_108986	Split000
gdb_85763	Split001
gdb_44883	Split000
gdb_76344	Split000
gdb_19323	Split000
gdb_38143	Split000
gdb_86238	Split000
gdb_56316	Split000
gdb_130315	Split001
gdb_46092	Split000
gdb_25062	Split000
gdb_43990	Split000
gdb_35303	Split001
gdb_27329	Split000
gdb_116312	Split001
gdb_81384	Split000
gdb_132452	Split000
gdb_67378	Split001
gdb_18254	Split000
gdb_96906	Split001
gdb_127610	Split000
gdb_40789	Split001
gdb_90954	Split000
gdb_106224	Split000
gdb_132889	Split000
gdb_131045	Split000
gdb_99377	Split000
gdb_45491	Split000
gdb_76793	Split000
gdb_21916	Split000
gdb_49409	Split000
gdb_96849	Split000
gdb_77889	Split000
gdb_42358	Split000
gdb_39557	Split001
gdb_56835	Split001
gdb_26077	Split000
gdb_30655	Split000
gdb_93287	Split000
gdb_22251	Split000
gdb_38664	Split001
gdb_119222	Split000
gdb_64426	Split001
gdb_78299	Split000
gdb_47260	Split000
gdb_54167	Split000
gdb_126693	Split000
gdb_20771	Split000
gdb_87087	Split000
gdb_102845	Split000
gdb_60240	Split001
gdb_53215	Split001
gdb_25806	Split000
gdb_22986	Split001
gdb_89256	Split000
gdb_52565	Split000
gdb_88072	Split000
gdb_90324	Split000
gdb_77950	Split000
gdb_35268	Split000
gdb_25269	Split000
gdb_121990	Split000
gdb_117881	Split000
gdb_126867	Split000
gdb_73745	Split000
gdb_133110	Split001
gdb_99021	Split001
gdb_117770	Split000
gdb_90408	Split000
gdb_127093	Split000
gdb_86283	Split001
gdb_10642	Split000
gdb_105359	Split001
gdb_114851	Split000
gdb_62349	Split000
gdb_82216	Split000
gdb_85420	Split000
gdb_78701	Split000
gdb_54882	Split000
gdb_133189	Split000
gdb_1115	Split000
gdb_56620	Split000
gdb_47925	Split000
gdb_39907	Split000
gdb_45879	Split000
gdb_32470	Split000
gdb_12055	Split001
gdb_22848	Split000
gdb_122505	Split000
gdb_102391	Split000
gdb_3072	Split000
gdb_89597	Split001
gdb_28694	Split000
gdb_89426	Split000
gdb_121960	Split000
gdb_69422	Split000
gdb_47222	Split000
gdb_133284	Split000
gdb_99332	Split000
gdb_123059	Split000
gdb_60558	Split000
gdb_26883	Split000
gdb_43013	Split000
gdb_70131	Split000
gdb_78711	Split000
gdb_31099	Split000
gdb_15860	Split000
gdb_18881	Split001
gdb_130632	Split000
gdb_42375	Split000
gdb_108685	Split001
gdb_131868	Split000
gdb_32312	Split001
gdb_128685	Split001
gdb_36420	Split000
gdb_108187	Split001
gdb_51619	Split000
gdb_9199	Split000
gdb_124736	Split000
gdb_125714	Split000
gdb_40288	Split000
gdb_125135	Split001
gdb_125802	Split000
gdb_103605	Split000
gdb_36504	Split000
gdb_77285	Split000
gdb_103533	Split000
gdb_124002	Split000
gdb_72152	Split000
gdb_83584	Split000
gdb_118401	Split000
gdb_38768	Split000
gdb_31230	Split001
gdb_72786	Split000
gdb_52501	Split000
gdb_576	Split000
gdb_54233	Split000
gdb_76911	Split000
gdb_75356	Split000
gdb_10197	Split000
gdb_59054	Split000
gdb_59627	Split000
gdb_122266	Split001
gdb_133708	Split000
gdb_122460	Split000
gdb_4317	Split000
gdb_77164	Split000
gdb_80613	Split000
gdb_126388	Split000
gdb_34060	Split000
gdb_115786	Split001
gdb_124113	Split001
gdb_55734	Split001
gdb_31899	Split000
gdb_104321	Split001
gdb_129130	Split001
gdb_43312	Split000
gdb_78631	Split000
gdb_24407	Split000
gdb_82799	Split000
gdb_95738	Split000
gdb_128803	Split000
gdb_63070	Split000
gdb_105023	Split001
gdb_109039	Split000
gdb_126331	Split001
gdb_51866	Split000
gdb_116004	Split001
gdb_80670	Split000
gdb_131935	Split000
gdb_112472	Split000
gdb_32752	Split001
gdb_22614	Split000
gdb_93261	Split000
gdb_49905	Split000
gdb_89864	Split000
gdb_40595	Split000
gdb_38356	Split000
gdb_37301	Split000
gdb_111405	Split000
gdb_59855	Split000
gdb_129018	Split000
gdb_105054	Split001
gdb_11193	Split000
gdb_115863	Split000
gdb_97221	Split001
gdb_10380	Split001
gdb_131325	Split000
gdb_118552	Split000
gdb_27315	Split000
gdb_97812	Split000
gdb_32725	Split001
gdb_133172	Split000
gdb_28718	Split000
gdb_39762	Split000
gdb_67476	Split001
gdb_100486	Split000
gdb_102511	Split000
gdb_25208	Split000
gdb_30556	Split000
gdb_109656	Split001
gdb_33302	Split001
gdb_63666	Split000
gdb_107944	Split000
gdb_30247	Split000
gdb_62797	Split000
gdb_38874	Split000
gdb_66208	Split000
gdb_114277	Split000
gdb_99234	Split000
gdb_62119	Split000
gdb_93192	Split000
gdb_120378	Split001
gdb_15884	Split000
gdb_320	Split001
gdb_19483	Split000
gdb_91149	Split000
gdb_123953	Split000
gdb_106334	Split000
gdb_100776	Split000
gdb_74629	Split000
gdb_98563	Split000
gdb_12074	Split001
gdb_89225	Split000
gdb_34708	Split000
gdb_103054	Split000
gdb_111272	Split000
gdb_129997	Split000
gdb_87604	Split000
gdb_101461	Split000
gdb_53693	Split000
gdb_35148	Split000
gdb_60986	Split000
gdb_17423	Split000
gdb_77786	Split000
gdb_24423	Split000
gdb_22250	Split000
gdb_102400	Split000
gdb_60017	Split000
gdb_76798	Split000
gdb_12345	Split000
gdb_60087	Split001
gdb_8665	Split000
gdb_21895	Split001
gdb_114014	Split000
gdb_98741	Split000
gdb_90527	Split000
gdb_58800	Split000
gdb_51401	Split001
gdb_14533	Split000
gdb_102806	Split000
gdb_5260	Split000
gdb_32771	Split001
gdb_90390	Split000
gdb_104579	Split001
gdb_62322	Split001
gdb_65866	Split000
gdb_2717	Split000
gdb_94029	Split000
gdb_70098	Split000
gdb_38619	Split001
gdb_101607	Split001
gdb_102717	Split000
gdb_110589	Split000
gdb_13822	Split000
gdb_64316	Split000
gdb_40538	Split000
gdb_109895	Split000
gdb_21309	Split000
gdb_117199	Split000
gdb_33571	Split001
gdb_75122	Split000
gdb_118718	Split000
gdb_67229	Split000
gdb_22602	Split000
gdb_58345	Split001
gdb_8617	Split000
gdb_74165	Split000
gdb_68774	Split000
gdb_99318	Split000
gdb_117143	Split000
gdb_29516	Split000
gdb_97224	Split000
gdb_114832	Split000
gdb_26111	Split000
gdb_118438	Split000
gdb_124291	Split000
gdb_956	Split000
gdb_82742	Split000
gdb_65417	Split000
gdb_1664	Split000
gdb_50035	Split000
gdb_61078	Split000
gdb_61864	Split000
gdb_127941	Split001
gdb_37661	Split000
gdb_46155	Split000
gdb_34860	Split000
gdb_99884	Split000
gdb_52113	Split001
gdb_58876	Split000
gdb_8085	Split000
gdb_29791	Split000
gdb_54293	Split000
gdb_56263	Split000
gdb_50810	Split000
gdb_89052	Split001
gdb_107478	Split001
gdb_117585	Split000
gdb_81829	Split000
gdb_127514	Split000
gdb_62118	Split000
gdb_64624	Split001
gdb_62182	Split000
gdb_114215	Split000
gdb_129515	Split000
gdb_117854	Split000
gdb_43546	Split000
gdb_123193	Split000
gdb_103080	Split000
gdb_85144	Split000
gdb_25703	Split000
gdb_109633	Split001
gdb_126068	Split000
gdb_26381	Split000
gdb_94923	Split000
gdb_50957	Split000
gdb_111698	Split000
gdb_108381	Split000
gdb_1457	Split000
gdb_88262	Split001
gdb_84666	Split000
gdb_74836	Split000
gdb_73964	Split001
gdb_94864	Split000
gdb_32976	Split001
gdb_90350	Split000
gdb_96173	Split000
gdb_58303	Split000
gdb_63971	Split000
gdb_45095	Split000
gdb_111230	Split000
gdb_22949	Split001
gdb_4693	Split000
gdb_73190	Split000
gdb_66108	Split001
gdb_121196	Split001
gdb_121051	Split000
gdb_37318	Split000
gdb_68114	Split001
gdb_103899	Split000
gdb_75489	Split000
gdb_65720	Split001
gdb_124734	Split000
gdb_15104	Split000
gdb_68621	Split001
gdb_92699	Split000
gdb_76150	Split000
gdb_4013	Split000
gdb_111585	Split000
gdb_18106	Split000
gdb_116941	Split000
gdb_52827	Split000
gdb_9009	Split000
gdb_46020	Split000
gdb_21964	Split000
gdb_51572	Split001
gdb_15141	Split000
gdb_39375	Split000
gdb_63711	Split001
gdb_70173	Split000
gdb_115134	Split001
gdb_62402	Split001
gdb_132548	Split000
gdb_31951	Split000
gdb_99205	Split000
gdb_126968	Split000
gdb_41791	Split000
gdb_41555	Split000
gdb_97350	Split000
gdb_67470	Split001
gdb_75913	Split000
gdb_129120	Split000
gdb_57000	Split001
gdb_50432	Split000
gdb_38160	Split001
gdb_63299	Split000
gdb_130561	Split000
gdb_121746	Split000
gdb_92650	Split000
gdb_85851	Split000
gdb_96057	Split001
gdb_50970	Split000
gdb_121127	Split000
gdb_67714	Split001
gdb_39202	Split000
gdb_96222	Split000
gdb_4888	Split000
gdb_75164	Split000
gdb_128000	Split001
gdb_106616	Split001
gdb_53642	Split000
gdb_30744	Split001
gdb_117955	Split000
gdb_60306	Split000
gdb_50822	Split000
gdb_57395	Split000
gdb_19757	Split000
gdb_123739	Split000
gdb_94939	Split000
gdb_107574	Split001
gdb_19454	Split000
gdb_119612	Split001
gdb_124077	Split000
gdb_129937	Split001
gdb_31022	Split000
gdb_95449	Split000
gdb_13650	Split001
gdb_119560	Split000
gdb_107732	Split000
gdb_68331	Split000
gdb_24397	Split000
gdb_22664	Split000
gdb_127261	Split000
gdb_58842	Split000
gdb_95785	Split000
gdb_69375	Split001
gdb_94474	Split001
gdb_42253	Split000
gdb_28098	Split000
gdb_14732	Split000
gdb_46232	Split000
gdb_21413	Split000
gdb_61472	Split000
gdb_14915	Split000
gdb_131054	Split000
gdb_62001	Split000
gdb_70287	Split000
gdb_131289	Split000
gdb_12522	Split000
gdb_31174	Split001
gdb_16723	Split000
gdb_58321	Split000
gdb_38703	Split001
gdb_107286	Split000
gdb_21619	Split000
gdb_59157	Split000
gdb_92196	Split000
gdb_77027	Split000
gdb_57962	Split000
gdb_67118	Split000
gdb_56249	Split000
gdb_4614	Split000
gdb_83280	Split000
gdb_85538	Split000
gdb_70068	Split000
gdb_42710	Split000
gdb_125725	Split000
gdb_121328	Split001
gdb_47350	Split000
gdb_47389	Split000
gdb_34639	Split000
gdb_126703	Split000
gdb_115021	Split001
gdb_63730	Split000
gdb_85885	Split000
gdb_89774	Split000
gdb_82214	Split000
gdb_80785	Split000
gdb_123757	Split000
gdb_101593	Split000
gdb_74081	Split000
gdb_83695	Split000
gdb_30764	Split001
gdb_68799	Split000
gdb_62674	Split000
gdb_55193	Split001
gdb_60736	Split000
gdb_73985	Split000
gdb_108108	Split000
gdb_106631	Split001
gdb_90242	Split000
gdb_100695	Split000
gdb_42335	Split000
gdb_3652	Split000
gdb_100656	Split001
gdb_36102	Split000
gdb_118090	Split000
gdb_91765	Split000
gdb_81818	Split000
gdb_63883	Split001
gdb_17713	Split000
gdb_60382	Split000
gdb_128152	Split001
gdb_66540	Split000
gdb_19493	Split000
gdb_101574	Split000
gdb_109735	Split000
gdb_91362	Split000
gdb_62853	Split000
gdb_11626	Split000
gdb_37755	Split000
gdb_116665	Split000
gdb_107146	Split001
gdb_60827	Split000
gdb_635	Split000
gdb_30980	Split000
gdb_48313	Split001
gdb_34524	Split000
gdb_47119	Split000
gdb_105119	Split000
gdb_97941	Split001
gdb_93467	Split000
gdb_51563	Split001
gdb_55343	Split001
gdb_70754	Split000
gdb_117320	Split000
gdb_36077	Split000
gdb_15414	Split000
gdb_122059	Split000
gdb_64643	Split000
gdb_47661	Split000
gdb_88400	Split001
gdb_36116	Split000
gdb_10705	Split001
gdb_125600	Split000
gdb_89146	Split000
gdb_56997	Split001
gdb_30118	Split000
gdb_200	Split000
gdb_6791	Split000
gdb_77142	Split001
gdb_78985	Split000
gdb_131858	Split000
gdb_70398	Split000
gdb_130790	Split000
gdb_128070	Split000
gdb_6085	Split000
gdb_97204	Split000
gdb_43663	Split000
gdb_69751	Split000
gdb_21954	Split000
gdb_19275	Split000
gdb_116658	Split000
gdb_17953	Split001
gdb_2706	Split000
gdb_35607	Split000
gdb_105043	Split001
gdb_69643	Split000
gdb_56897	Split000
gdb_56557	Split000
gdb_108644	Split000
gdb_12544	Split000
gdb_25379	Split000
gdb_43407	Split001
gdb_59886	Split000
gdb_58363	Split000
gdb_122902	Split000
gdb_22124	Split000
gdb_87084	Split000
gdb_53527	Split000
gdb_57306	Split000
gdb_112230	Split000
gdb_70443	Split001
gdb_49823	Split000
gdb_39107	Split000
gdb_43812	Split000
gdb_17565	Split000
gdb_39400	Split001
gdb_26461	Split000
gdb_91643	Split000
gdb_4582	Split000
gdb_129984	Split000
gdb_102473	Split000
gdb_54955	Split001
gdb_74071	Split000
gdb_1098	Split000
gdb_52930	Split001
gdb_79753	Split000
gdb_42747	Split001
gdb_35954	Split000
gdb_53422	Split001
gdb_127976	Split000
gdb_25166	Split001
gdb_121073	Split000
gdb_94763	Split001
gdb_59357	Split001
gdb_77001	Split001
gdb_45173	Split000
gdb_130651	Split000
gdb_3087	Split000
gdb_34377	Split000
gdb_63844	Split000
gdb_72846	Split000
gdb_110986	Split000
gdb_20510	Split000
gdb_26986	Split001
gdb_117867	Split000
gdb_132519	Split000
gdb_47569	Split000
gdb_84462	Split001
gdb_55743	Split000
gdb_113440	Split000
gdb_129968	Split000
gdb_119175	Split000
gdb_6740	Split000
gdb_98858	Split001
gdb_55051	Split001
gdb_42992	Split000
gdb_77765	Split000
gdb_35392	Split000
gdb_553	Split000
gdb_44618	Split000
gdb_26955	Split000
gdb_99261	Split000
gdb_72658	Split000
gdb_22144	Split000
gdb_3184	Split000
gdb_10946	Split000
gdb_94647	Split001
gdb_9240	Split000
gdb_2555	Split001
gdb_24988	Split000
gdb_44757	Split001
gdb_67848	Split001
gdb_23862	Split001
gdb_13945	Split000
gdb_60535	Split000
gdb_44127	Split000
gdb_119596	Split001
gdb_75419	Split000
gdb_132361	Split000
gdb_103928	Split001
gdb_97100	Split000
gdb_8321	Split000
gdb_18970	Split001
gdb_75837	Split000
gdb_24064	Split000
gdb_30685	Split000
gdb_88228	Split001
gdb_69158	Split000
gdb_30155	Split000
gdb_39444	Split000
gdb_94361	Split000
gdb_43359	Split000
gdb_23107	Split001
gdb_326	Split000
gdb_92416	Split000
gdb_88872	Split000
gdb_67122	Split000
gdb_15287	Split000
gdb_97452	Split000
gdb_311	Split000
gdb_2420	Split000
gdb_79297	Split000
gdb_129668	Split000
gdb_21226	Split001
gdb_46820	Split000
gdb_106114	Split000
gdb_23988	Split000
gdb_1138	Split000
gdb_40088	Split000
gdb_95345	Split000
gdb_91289	Split000
gdb_37862	Split000
gdb_111288	Split000
gdb_73636	Split000
gdb_93371	Split000
gdb_120277	Split000
gdb_50327	Split000
gdb_110741	Split000
gdb_41620	Split001
gdb_105512	Split001
gdb_117196	Split000
gdb_25396	Split000
gdb_720	Split000
gdb_33711	Split000
gdb_29543	Split000
gdb_12088	Split000
gdb_121109	Split000
gdb_45978	Split000
gdb_11648	Split001
gdb_27459	Split000
gdb_125429	Split000
gdb_84964	Split000
gdb_13146	Split001
gdb_33276	Split001
gdb_3512	Split000
gdb_51928	Split000
gdb_71154	Split000
gdb_46865	Split000
gdb_118481	Split000
gdb_9497	Split000
gdb_30379	Split000
gdb_50968	Split000
gdb_132851	Split000
gdb_7171	Split000
gdb_62583	Split000
gdb_99201	Split000
gdb_33916	Split000
gdb_19653	Split000
gdb_81557	Split001
gdb_38312	Split000
gdb_58328	Split000
gdb_65395	Split000
gdb_70233	Split000
gdb_32561	Split000
gdb_72432	Split001
gdb_98621	Split000
gdb_117532	Split000
gdb_37667	Split000
gdb_130292	Split000
gdb_55430	Split000
gdb_40124	Split000
gdb_80058	Split000
gdb_67689	Split000
gdb_126351	Split000
gdb_23852	Split000
gdb_47548	Split000
gdb_123	Split000
gdb_129531	Split000
gdb_78251	Split000
gdb_22787	Split000
gdb_5089	Split000
gdb_9120	Split000
gdb_34672	Split000
gdb_6400	Split000
gdb_76348	Split000
gdb_5248	Split000
gdb_66014	Split000
gdb_76295	Split000
gdb_89552	Split000
gdb_45162	Split000
gdb_10442	Split001
gdb_109526	Split000
gdb_23727	Split000
gdb_43747	Split001
gdb_39109	Split000
gdb_107492	Split001
gdb_75854	Split001
gdb_65655	Split000
gdb_101430	Split001
gdb_69531	Split000
gdb_99154	Split001
gdb_133120	Split001
gdb_43340	Split000
gdb_112747	Split000
gdb_52954	Split001
gdb_126806	Split000
gdb_71620	Split001
gdb_60696	Split000
gdb_44893	Split000
gdb_127999	Split001
gdb_40759	Split000
gdb_117153	Split000
gdb_44651	Split000
gdb_71943	Split001
gdb_87656	Split000
gdb_83238	Split000
gdb_88733	Split000
gdb_2152	Split000
gdb_60979	Split000
gdb_123463	Split000
gdb_9559	Split000
gdb_111909	Split000
gdb_33843	Split001
gdb_52634	Split000
gdb_12635	Split000
gdb_66081	Split000
gdb_60396	Split001
gdb_23944	Split000
gdb_80792	Split000
gdb_42108	Split000
gdb_34196	Split001
gdb_70307	Split000
gdb_117426	Split000
gdb_5836	Split001
gdb_133687	Split001
gdb_49568	Split000
gdb_41032	Split000
gdb_91708	Split000
gdb_24253	Split001
gdb_48239	Split000
gdb_90706	Split000
gdb_50443	Split001
gdb_59310	Split001
gdb_27769	Split000
gdb_110847	Split000
gdb_1480	Split000
gdb_12432	Split000
gdb_67029	Split001
gdb_2781	Split001
gdb_51940	Split000
gdb_45361	Split000
gdb_66136	Split001
gdb_61957	Split000
gdb_50447	Split000
gdb_4861	Split000
gdb_100086	Split001
gdb_112155	Split000
gdb_68734	Split000
gdb_35356	Split000
gdb_18717	Split000
gdb_21719	Split001
gdb_11548	Split000
gdb_66217	Split000
gdb_20957	Split000
gdb_1736	Split000
gdb_19041	Split000
gdb_3223	Split000
gdb_75953	Split000
gdb_2287	Split000
gdb_13664	Split001
gdb_52826	Split000
gdb_113683	Split000
gdb_66070	Split000
gdb_38308	Split000
gdb_65607	Split001
gdb_50349	Split000
gdb_67176	Split000
gdb_65632	Split001
gdb_40906	Split000
gdb_56237	Split000
gdb_79987	Split000
gdb_65388	Split001
gdb_53136	Split000
gdb_106124	Split000
gdb_107389	Split001
gdb_58529	Split000
gdb_95041	Split000
gdb_49346	Split000
gdb_76733	Split000
gdb_77028	Split000
gdb_87786	Split000
gdb_109885	Split000
gdb_37255	Split000
gdb_90783	Split000
gdb_81329	Split001
gdb_65600	Split000
gdb_34237	Split000
gdb_25174	Split001
gdb_57259	Split000
gdb_74839	Split000
gdb_64487	Split000
gdb_17693	Split001
gdb_51864	Split000
gdb_111294	Split000
gdb_60812	Split000
gdb_103388	Split001
gdb_129908	Split001
gdb_133680	Split001
gdb_122644	Split001
gdb_132681	Split000
gdb_75239	Split000
gdb_83856	Split000
gdb_90643	Split000
gdb_104580	Split001
gdb_93312	Split000
gdb_124994	Split001
gdb_54967	Split001
gdb_47976	Split001
gdb_109826	Split000
gdb_93020	Split000
gdb_76863	Split000
gdb_34097	Split001
gdb_32523	Split001
gdb_29905	Split000
gdb_73931	Split000
gdb_52589	Split000
gdb_71920	Split000
gdb_17922	Split000
gdb_90240	Split000
gdb_133866	Split000
gdb_29889	Split000
gdb_109446	Split000
gdb_70902	Split000
gdb_99310	Split000
gdb_99862	Split001
gdb_118846	Split000
gdb_123725	Split000
gdb_127151	Split000
gdb_90627	Split000
gdb_48497	Split001
gdb_100879	Split000
gdb_25886	Split000
gdb_37192	Split001
gdb_22173	Split000
gdb_118088	Split000
gdb_32960	Split000
gdb_95117	Split000
gdb_39432	Split000
gdb_58342	Split001
gdb_54969	Split001
gdb_105616	Split000
gdb_111983	Split000
gdb_68470	Split000
gdb_101689	Split000
gdb_63766	Split000
gdb_57561	Split000
gdb_117443	Split000
gdb_62542	Split000
gdb_105713	Split001
gdb_132083	Split000
gdb_70842	Split000
gdb_42816	Split000
gdb_11686	Split001
gdb_130991	Split000
gdb_64179	Split000
gdb_125541	Split000
gdb_15152	Split000
gdb_114752	Split000
gdb_59826	Split000
gdb_11037	Split000
gdb_125268	Split000
gdb_99356	Split000
gdb_39352	Split000
gdb_120098	Split000
gdb_109209	Split000
gdb_121081	Split000
gdb_91137	Split000
gdb_120634	Split000
gdb_71669	Split000
gdb_118200	Split000
gdb_12203	Split000
gdb_15852	Split000
gdb_65996	Split000
gdb_84423	Split001
gdb_113920	Split000
gdb_13765	Split000
gdb_11247	Split000
gdb_81519	Split000
gdb_48114	Split001
gdb_27384	Split000
gdb_76601	Split001
gdb_39927	Split000
gdb_107297	Split000
gdb_71575	Split000
gdb_104099	Split000
gdb_118515	Split000
gdb_107039	Split001
gdb_20568	Split000
gdb_77155	Split000
gdb_115230	Split000
gdb_92719	Split000
gdb_10315	Split000
gdb_60082	Split001
gdb_63922	Split000
gdb_49881	Split000
gdb_39821	Split000
gdb_92423	Split000
gdb_16634	Split000
gdb_8269	Split000
gdb_60891	Split001
gdb_7285	Split000
gdb_114200	Split000
gdb_50263	Split000
gdb_102943	Split000
gdb_110835	Split000
gdb_32985	Split000
gdb_49523	Split000
gdb_12342	Split000
gdb_47956	Split000
gdb_94333	Split000
gdb_14002	Split000
gdb_58117	Split001
gdb_105923	Split001
gdb_44862	Split000
gdb_115659	Split000
gdb_39972	Split000
gdb_108723	Split000
gdb_85549	Split000
gdb_50935	Split000
gdb_67880	Split001
gdb_2043	Split000
gdb_92250	Split000
gdb_127675	Split001
gdb_102186	Split000
gdb_120883	Split000
gdb_127998	Split001
gdb_650	Split000
gdb_25330	Split000
gdb_82928	Split000
gdb_116138	Split000
gdb_4096	Split001
gdb_94286	Split000
gdb_105484	Split001
gdb_131424	Split000
gdb_19738	Split001
gdb_107514	Split000
gdb_18585	Split000
gdb_16155	Split001
gdb_32944	Split000
gdb_18678	Split000
gdb_102498	Split001
gdb_35190	Split000
gdb_20505	Split000
gdb_116608	Split000
gdb_80266	Split000
gdb_51430	Split001
gdb_131047	Split000
gdb_91443	Split000
gdb_23133	Split001
gdb_41224	Split000
gdb_32355	Split000
gdb_15612	Split001
gdb_89306	Split000
gdb_36060	Split001
gdb_11468	Split000
gdb_13322	Split000
gdb_101475	Split000
gdb_109425	Split000
gdb_37620	Split000
gdb_78030	Split000
gdb_127911	Split000
gdb_86054	Split000
gdb_121702	Split000
gdb_1607	Split000
gdb_6428	Split000
gdb_57433	Split000
gdb_6489	Split000
gdb_124476	Split000
gdb_93531	Split000
gdb_83930	Split000
gdb_116618	Split001
gdb_92455	Split000
gdb_119535	Split000
gdb_71148	Split000
gdb_107575	Split000
gdb_47683	Split000
gdb_12543	Split000
gdb_24607	Split000
gdb_101491	Split000
gdb_41517	Split001
gdb_73865	Split000
gdb_115550	Split000
gdb_14112	Split000
gdb_61868	Split000
gdb_110369	Split000
gdb_131957	Split000
gdb_18518	Split001
gdb_55758	Split001
gdb_44626	Split000
gdb_21807	Split000
gdb_118307	Split000
gdb_41456	Split000
gdb_118608	Split000
gdb_113311	Split000
gdb_16553	Split000
gdb_71392	Split000
gdb_119314	Split001
gdb_130739	Split000
gdb_76485	Split000
gdb_101137	Split000
gdb_11242	Split000
gdb_10068	Split000
gdb_43536	Split000
gdb_19322	Split000
gdb_108353	Split000
gdb_19310	Split000
gdb_43394	Split000
gdb_47279	Split000
gdb_47380	Split000
gdb_21417	Split000
gdb_41723	Split001
gdb_122302	Split001
gdb_46224	Split000
gdb_23095	Split001
gdb_117313	Split000
gdb_92129	Split000
gdb_122379	Split001
gdb_110532	Split000
gdb_118879	Split001
gdb_108925	Split000
gdb_46716	Split000
gdb_29072	Split000
gdb_118169	Split000
gdb_68865	Split001
gdb_88706	Split000
gdb_3637	Split000
gdb_22783	Split000
gdb_79015	Split000
gdb_4105	Split001
gdb_54615	Split000
gdb_85044	Split000
gdb_49324	Split000
gdb_15404	Split000
gdb_128931	Split000
gdb_84672	Split000
gdb_91144	Split000
gdb_28443	Split000
gdb_58447	Split000
gdb_114316	Split000
gdb_39449	Split000
gdb_87588	Split000
gdb_56243	Split000
gdb_92508	Split000
gdb_101388	Split000
gdb_101960	Split000
gdb_112282	Split000
gdb_57652	Split000
gdb_16895	Split000
gdb_19550	Split000
gdb_33367	Split000
gdb_74658	Split000
gdb_68147	Split000
gdb_67666	Split001
gdb_72744	Split000
gdb_17493	Split000
gdb_116334	Split000
gdb_81902	Split000
gdb_124619	Split000
gdb_21588	Split000
gdb_83082	Split000
gdb_26716	Split001
gdb_2296	Split000
gdb_41083	Split001
gdb_37149	Split001
gdb_55015	Split001
gdb_86774	Split001
gdb_67044	Split001
gdb_81553	Split000
gdb_124834	Split000
gdb_6806	Split000
gdb_44049	Split000
gdb_103594	Split000
gdb_35304	Split001
gdb_14475	Split001
gdb_77425	Split000
gdb_16012	Split000
gdb_52293	Split001
gdb_20304	Split001
gdb_123914	Split000
gdb_35873	Split000
gdb_119019	Split001
gdb_11078	Split000
gdb_8292	Split000
gdb_27455	Split000
gdb_54342	Split001
gdb_131712	Split000
gdb_86924	Split001
gdb_95743	Split000
gdb_49287	Split000
gdb_111174	Split000
gdb_38386	Split000
gdb_17048	Split000
gdb_44586	Split000
gdb_120981	Split001
gdb_61591	Split000
gdb_104465	Split000
gdb_8164	Split000
gdb_70511	Split000
gdb_51048	Split001
gdb_110161	Split000
gdb_34210	Split000
gdb_17759	Split000
gdb_111756	Split000
gdb_63092	Split000
gdb_116543	Split000
gdb_50328	Split000
gdb_117531	Split000
gdb_100499	Split000
gdb_71617	Split001
gdb_26767	Split000
gdb_29879	Split000
gdb_14372	Split001
gdb_111936	Split000
gdb_41297	Split001
gdb_37779	Split001
gdb_5018	Split000
gdb_25176	Split001
gdb_92927	Split000
gdb_59282	Split000
gdb_128871	Split000
gdb_106947	Split001
gdb_76459	Split001
gdb_40042	Split000
gdb_59077	Split000
gdb_50301	Split000
gdb_89869	Split000
gdb_42878	Split000
gdb_70910	Split000
gdb_29657	Split000
gdb_25050	Split000
gdb_57210	Split000
gdb_84450	Split000
gdb_110853	Split000
gdb_72535	Split001
gdb_130670	Split000
gdb_94359	Split000
gdb_94536	Split000
gdb_133654	Split001
gdb_53303	Split001
gdb_125403	Split000
gdb_100343	Split000
gdb_106019	Split001
gdb_80140	Split000
gdb_90717	Split000
gdb_6824	Split000
gdb_20343	Split000
gdb_103385	Split001
gdb_39043	Split001
gdb_115890	Split000
gdb_114095	Split000
gdb_14091	Split000
gdb_45313	Split000
gdb_62257	Split000
gdb_85218	Split001
gdb_3333	Split000
gdb_36184	Split000
gdb_128536	Split001
gdb_121995	Split000
gdb_31721	Split000
gdb_103081	Split000
gdb_95221	Split000
gdb_129273	Split000
gdb_64539	Split001
gdb_88	Split000
gdb_33305	Split000
gdb_88862	Split000
gdb_55326	Split001
gdb_20563	Split000
gdb_29727	Split001
gdb_4483	Split000
gdb_41614	Split000
gdb_81193	Split000
gdb_82879	Split001
gdb_93836	Split000
gdb_29633	Split000
gdb_188	Split000
gdb_52532	Split000
gdb_76141	Split000
gdb_12510	Split000
gdb_120847	Split001
gdb_128895	Split000
gdb_82594	Split000
gdb_115889	Split000
gdb_46381	Split001
gdb_88423	Split000
gdb_123353	Split000
gdb_21288	Split001
gdb_29864	Split000
gdb_87638	Split000
gdb_12826	Split000
gdb_10143	Split000
gdb_45886	Split000
gdb_61481	Split000
gdb_61205	Split000
gdb_35230	Split000
gdb_34410	Split000
gdb_49731	Split000
gdb_53150	Split000
gdb_45546	Split000
gdb_6282	Split000
gdb_32022	Split000
gdb_6448	Split000
gdb_125371	Split000
gdb_120939	Split000
gdb_127881	Split001
gdb_106822	Split001
gdb_113255	Split000
gdb_62624	Split000
gdb_71571	Split000
gdb_80600	Split000
gdb_105388	Split000
gdb_46254	Split000
gdb_27282	Split000
gdb_62757	Split000
gdb_113076	Split000
gdb_87181	Split000
gdb_85589	Split000
gdb_30745	Split001
gdb_67753	Split001
gdb_27114	Split001
gdb_12940	Split000
gdb_32294	Split001
gdb_44296	Split000
gdb_61955	Split000
gdb_103548	Split000
gdb_118206	Split000
gdb_94571	Split000
gdb_82016	Split001
gdb_94139	Split000
gdb_44151	Split000
gdb_59016	Split000
gdb_128207	Split000
gdb_70620	Split000
gdb_6051	Split001
gdb_91035	Split000
gdb_32219	Split001
gdb_131596	Split000
gdb_126325	Split001
gdb_130243	Split000
gdb_75212	Split000
gdb_98522	Split001
gdb_64960	Split000
gdb_128319	Split000
gdb_10817	Split000
gdb_9170	Split000
gdb_89727	Split000
gdb_110159	Split000
gdb_87743	Split000
gdb_90357	Split000
gdb_53159	Split001
gdb_32260	Split001
gdb_68374	Split001
gdb_52962	Split001
gdb_68509	Split000
gdb_16963	Split000
gdb_62864	Split000
gdb_69974	Split000
gdb_7334	Split000
gdb_115167	Split001
gdb_63508	Split000
gdb_74551	Split000
gdb_112446	Split000
gdb_101626	Split000
gdb_30946	Split000
gdb_42121	Split000
gdb_86696	Split000
gdb_42338	Split000
gdb_124382	Split000
gdb_93297	Split000
gdb_53078	Split001
gdb_95220	Split000
gdb_50326	Split000
gdb_83291	Split000
gdb_51520	Split000
gdb_73729	Split001
gdb_11282	Split000
gdb_130978	Split000
gdb_85608	Split000
gdb_118540	Split000
gdb_33244	Split000
gdb_66470	Split000
gdb_16736	Split000
gdb_128270	Split000
gdb_108891	Split000
gdb_84083	Split000
gdb_46793	Split000
gdb_37836	Split000
gdb_7393	Split000
gdb_5945	Split000
gdb_64432	Split000
gdb_95505	Split000
gdb_23206	Split000
gdb_45882	Split000
gdb_88916	Split001
gdb_65692	Split000
gdb_69993	Split001
gdb_111895	Split000
gdb_102734	Split000
gdb_123418	Split000
gdb_92760	Split000
gdb_67786	Split000
gdb_129755	Split000
gdb_7273	Split000
gdb_39931	Split000
gdb_103068	Split000
gdb_127380	Split000
gdb_105721	Split001
gdb_46942	Split000
gdb_41058	Split000
gdb_48021	Split000
gdb_6773	Split000
gdb_84338	Split001
gdb_79592	Split000
gdb_14116	Split000
gdb_56367	Split000
gdb_101059	Split001
gdb_53310	Split001
gdb_44684	Split000
gdb_103078	Split000
gdb_52880	Split000
gdb_50421	Split001
gdb_96422	Split001
gdb_93889	Split000
gdb_120446	Split000
gdb_128317	Split001
gdb_131484	Split000
gdb_57440	Split000
gdb_21566	Split000
gdb_124559	Split000
gdb_33748	Split001
gdb_113182	Split000
gdb_124762	Split000
gdb_39022	Split001
gdb_59822	Split000
gdb_48024	Split000
gdb_88077	Split000
gdb_62109	Split000
gdb_25607	Split000
gdb_23638	Split000
gdb_51979	Split000
gdb_46822	Split000
gdb_107053	Split001
gdb_93510	Split000
gdb_30070	Split001
gdb_131608	Split000
gdb_91702	Split000
gdb_23857	Split000
gdb_116664	Split000
gdb_130586	Split000
gdb_85322	Split000
gdb_128863	Split000
gdb_50803	Split000
gdb_5570	Split001
gdb_18001	Split000
gdb_112584	Split000
gdb_54432	Split000
gdb_54226	Split000
gdb_28348	Split000
gdb_29355	Split000
gdb_68192	Split000
gdb_59650	Split000
gdb_42901	Split000
gdb_8957	Split000
gdb_44075	Split000
gdb_13299	Split000
gdb_46260	Split000
gdb_88247	Split001
gdb_42252	Split000
gdb_8073	Split000
gdb_46279	Split000
gdb_80095	Split000
gdb_39675	Split000
gdb_2471	Split000
gdb_2056	Split000
gdb_70957	Split000
gdb_109980	Split000
gdb_65888	Split000
gdb_20534	Split000
gdb_129821	Split000
gdb_116594	Split000
gdb_14236	Split000
gdb_35178	Split000
gdb_39657	Split001
gdb_42583	Split000
gdb_46741	Split000
gdb_28319	Split000
gdb_20580	Split000
gdb_71123	Split000
gdb_96011	Split000
gdb_72617	Split000
gdb_94684	Split000
gdb_84384	Split000
gdb_130571	Split000
gdb_47851	Split000
gdb_53977	Split001
gdb_35013	Split000
gdb_4088	Split001
gdb_94689	Split000
gdb_60052	Split000
gdb_12829	Split000
gdb_64903	Split000
gdb_118763	Split000
gdb_131915	Split000
gdb_102455	Split000
gdb_94393	Split000
gdb_111637	Split001
gdb_61700	Split000
gdb_43953	Split000
gdb_14941	Split000
gdb_1184	Split000
gdb_43604	Split000
gdb_131298	Split000
gdb_121751	Split000
gdb_101401	Split001
gdb_24612	Split000
gdb_78347	Split000
gdb_51434	Split001
gdb_70057	Split001
gdb_2113	Split000
gdb_2527	Split000
gdb_74433	Split000
gdb_109932	Split000
gdb_106025	Split001
gdb_62736	Split000
gdb_50055	Split000
gdb_58274	Split000
gdb_48707	Split001
gdb_115672	Split001
gdb_40984	Split001
gdb_38447	Split000
gdb_98051	Split000
gdb_122904	Split000
gdb_101271	Split000
gdb_98737	Split000
gdb_123328	Split000
gdb_88630	Split000
gdb_64063	Split000
gdb_7314	Split000
gdb_45617	Split000
gdb_93736	Split000
gdb_51761	Split001
gdb_43023	Split000
gdb_53417	Split001
gdb_128809	Split000
gdb_32995	Split000
gdb_108724	Split000
gdb_82798	Split000
gdb_97270	Split000
gdb_23475	Split000
gdb_52308	Split000
gdb_127841	Split001
gdb_97580	Split000
gdb_20708	Split000
gdb_60799	Split001
gdb_26473	Split000
gdb_5686	Split000
gdb_125437	Split000
gdb_83171	Split000
gdb_60915	Split000
gdb_107500	Split001
gdb_57987	Split000
gdb_82843	Split000
gdb_45567	Split000
gdb_90995	Split000
gdb_71051	Split001
gdb_38743	Split001
gdb_66428	Split000
gdb_78145	Split000
gdb_11731	Split001
gdb_55847	Split000
gdb_96694	Split000
gdb_29007	Split001
gdb_53924	Split001
gdb_11407	Split000
gdb_106291	Split000
gdb_120161	Split000
gdb_41018	Split001
gdb_74114	Split000
gdb_33403	Split000
gdb_112070	Split001
gdb_108114	Split000
gdb_80929	Split000
gdb_115937	Split000
gdb_73137	Split001
gdb_33562	Split001
gdb_98369	Split000
gdb_9701	Split000
gdb_2148	Split000
gdb_37015	Split000
gdb_66119	Split001
gdb_113316	Split000
gdb_37053	Split000
gdb_47066	Split000
gdb_83652	Split000
gdb_118908	Split000
gdb_42384	Split000
gdb_34113	Split001
gdb_69638	Split000
gdb_120467	Split001
gdb_105207	Split000
gdb_86811	Split001
gdb_55778	Split000
gdb_22150	Split000
gdb_16152	Split001
gdb_103203	Split001
gdb_67808	Split000
gdb_74849	Split000
gdb_91066	Split000
gdb_14441	Split001
gdb_86153	Split000
gdb_110028	Split000
gdb_29199	Split000
gdb_29795	Split000
gdb_20765	Split000
gdb_97450	Split001
gdb_9008	Split000
gdb_109336	Split001
gdb_34127	Split001
gdb_129073	Split001
gdb_133159	Split000
gdb_70747	Split000
gdb_74639	Split000
gdb_91037	Split000
gdb_8926	Split000
gdb_129406	Split000
gdb_34400	Split000
gdb_42408	Split000
gdb_83344	Split000
gdb_65975	Split000
gdb_28357	Split000
gdb_93813	Split000
gdb_122215	Split001
gdb_7286	Split000
gdb_131772	Split000
gdb_93037	Split000
gdb_19333	Split000
gdb_107060	Split001
gdb_116917	Split001
gdb_49484	Split000
gdb_74473	Split000
gdb_84589	Split000
gdb_81625	Split001
gdb_119838	Split000
gdb_63608	Split000
gdb_116019	Split001
gdb_104766	Split000
gdb_115058	Split001
gdb_109791	Split000
gdb_10821	Split000
gdb_121058	Split000
gdb_128970	Split000
gdb_105399	Split000
gdb_132501	Split000
gdb_125785	Split000
gdb_86872	Split000
gdb_100183	Split001
gdb_29946	Split000
gdb_108641	Split000
gdb_4233	Split001
gdb_94946	Split000
gdb_11042	Split000
gdb_91517	Split000
gdb_26994	Split001
gdb_127603	Split000
gdb_16582	Split000
gdb_36757	Split000
gdb_68002	Split000
gdb_546	Split000
gdb_98143	Split000
gdb_89983	Split000
gdb_13366	Split000
gdb_73652	Split000
gdb_32597	Split000
gdb_6455	Split000
gdb_33490	Split001
gdb_67091	Split000
gdb_66616	Split000
gdb_5436	Split001
gdb_102234	Split000
gdb_36323	Split000
gdb_32418	Split001
gdb_81656	Split000
gdb_120638	Split000
gdb_38722	Split001
gdb_73016	Split000
gdb_47431	Split000
gdb_14328	Split000
gdb_72954	Split000
gdb_91482	Split001
gdb_84538	Split000
gdb_45182	Split000
gdb_127819	Split000
gdb_28822	Split000
gdb_127188	Split000
gdb_46761	Split000
gdb_28072	Split000
gdb_99976	Split001
gdb_126166	Split000
gdb_94168	Split000
gdb_119863	Split001
gdb_108173	Split000
gdb_101642	Split000
gdb_84975	Split000
gdb_91587	Split000
gdb_21644	Split000
gdb_131907	Split000
gdb_85723	Split000
gdb_123732	Split000
gdb_114704	Split000
gdb_122838	Split000
gdb_15611	Split001
gdb_85879	Split000
gdb_110380	Split000
gdb_90306	Split000
gdb_41168	Split000
gdb_38498	Split000
gdb_77664	Split000
gdb_54596	Split000
gdb_55944	Split000
gdb_18158	Split000
gdb_115950	Split000
gdb_114504	Split000
gdb_65763	Split000
gdb_2628	Split000
gdb_94693	Split000
gdb_66054	Split000
gdb_18168	Split000
gdb_60292	Split000
gdb_29743	Split001
gdb_46376	Split001
gdb_95568	Split000
gdb_110951	Split000
gdb_30161	Split000
gdb_42882	Split000
gdb_14312	Split000
gdb_74706	Split000
gdb_82762	Split000
gdb_18104	Split000
gdb_23086	Split000
gdb_125162	Split000
gdb_67051	Split001
gdb_49418	Split000
gdb_112508	Split000
gdb_76151	Split000
gdb_22448	Split000
gdb_92187	Split000
gdb_5504	Split001
gdb_71383	Split000
gdb_87427	Split001
gdb_58486	Split000
gdb_48128	Split000
gdb_74044	Split000
gdb_94812	Split000
gdb_18787	Split000
gdb_82221	Split000
gdb_73499	Split001
gdb_63218	Split000
gdb_36859	Split001
gdb_26748	Split000
gdb_51224	Split000
gdb_49879	Split000
gdb_130800	Split001
gdb_120918	Split000
gdb_105156	Split000
gdb_103355	Split001
gdb_10195	Split000
gdb_106165	Split000
gdb_86186	Split000
gdb_13740	Split000
gdb_100006	Split001
gdb_130383	Split001
gdb_132789	Split000
gdb_20349	Split000
gdb_80725	Split000
gdb_23342	Split000
gdb_54907	Split000
gdb_68407	Split001
gdb_50704	Split000
gdb_52200	Split000
gdb_32874	Split000
gdb_74544	Split000
gdb_32226	Split001
gdb_123849	Split000
gdb_122300	Split001
gdb_49626	Split000
gdb_116810	Split000
gdb_32666	Split001
gdb_49983	Split000
gdb_98289	Split000
gdb_69619	Split000
gdb_115073	Split000
gdb_118873	Split001
gdb_45123	Split000
gdb_48465	Split000
gdb_22371	Split000
gdb_126597	Split000
gdb_977	Split000
gdb_108488	Split000
gdb_40750	Split001
gdb_11021	Split000
gdb_79505	Split001
gdb_66083	Split000
gdb_92040	Split000
gdb_115691	Split001
gdb_105133	Split000
gdb_84544	Split000
gdb_4896	Split000
gdb_85971	Split000
gdb_95400	Split000
gdb_119919	Split000
gdb_108683	Split001
gdb_128792	Split001
gdb_24861	Split000
gdb_60711	Split000
gdb_34365	Split000
gdb_93355	Split000
gdb_41881	Split000
gdb_57468	Split000
gdb_104565	Split000
gdb_55074	Split001
gdb_43593	Split000
gdb_133147	Split000
gdb_26616	Split000
gdb_13578	Split001
gdb_119589	Split001
gdb_8850	Split000
gdb_88349	Split001
gdb_83921	Split000
gdb_98334	Split000
gdb_66026	Split000
gdb_118031	Split000
gdb_132478	Split000
gdb_100575	Split000
gdb_84815	Split001
gdb_58728	Split000
gdb_112742	Split000
gdb_68516	Split000
gdb_6307	Split000
gdb_68053	Split000
gdb_31893	Split000
gdb_98000	Split000
gdb_63360	Split000
gdb_129372	Split000
gdb_40997	Split001
gdb_25148	Split000
gdb_42979	Split000
gdb_28199	Split000
gdb_19823	Split000
gdb_5025	Split000
gdb_119642	Split000
gdb_86088	Split000
gdb_4155	Split001
gdb_55744	Split000
gdb_6392	Split000
gdb_131001	Split000
gdb_62570	Split000
gdb_22646	Split000
gdb_92270	Split000
gdb_125378	Split001
gdb_133250	Split000
gdb_97572	Split000
gdb_89072	Split001
gdb_75483	Split001
gdb_72012	Split001
gdb_27761	Split000
gdb_41908	Split000
gdb_26962	Split000
gdb_48510	Split001
gdb_70276	Split000
gdb_96112	Split000
gdb_61138	Split000
gdb_127938	Split000
gdb_75620	Split000
gdb_1820	Split000
gdb_83929	Split000
gdb_75414	Split000
gdb_86076	Split000
gdb_18265	Split000
gdb_123868	Split000
gdb_18079	Split001
gdb_85668	Split000
gdb_125077	Split001
gdb_4439	Split000
gdb_27910	Split000
gdb_100088	Split001
gdb_7147	Split000
gdb_49732	Split000
gdb_61754	Split000
gdb_89760	Split000
gdb_87639	Split000
gdb_83885	Split000
gdb_3311	Split000
gdb_103541	Split000
gdb_53710	Split000
gdb_38394	Split000
gdb_27492	Split000
gdb_33454	Split000
gdb_42422	Split000
gdb_35939	Split000
gdb_54719	Split001
gdb_63023	Split000
gdb_110431	Split000
gdb_14489	Split001
gdb_38506	Split001
gdb_97235	Split001
gdb_15804	Split000
gdb_32177	Split000
gdb_4850	Split000
gdb_76967	Split000
gdb_44469	Split000
gdb_2911	Split000
gdb_106528	Split000
gdb_8841	Split000
gdb_100300	Split001
gdb_84261	Split000
gdb_123452	Split000
gdb_48223	Split000
gdb_96822	Split000
gdb_120752	Split001
gdb_68566	Split001
gdb_105762	Split001
gdb_104161	Split000
gdb_25858	Split000
gdb_97215	Split001
gdb_108323	Split001
gdb_98766	Split001
gdb_12916	Split000
gdb_49458	Split000
gdb_74983	Split000
gdb_119349	Split000
gdb_78238	Split000
gdb_19833	Split001
gdb_87815	Split000
gdb_87985	Split000
gdb_101120	Split000
gdb_44395	Split000
gdb_65760	Split000
gdb_99167	Split000
gdb_43826	Split000
gdb_83623	Split000
gdb_54968	Split001
gdb_10904	Split000
gdb_112612	Split000
gdb_20390	Split001
gdb_13109	Split001
gdb_62976	Split000
gdb_29259	Split000
gdb_57601	Split000
gdb_131778	Split001
gdb_35949	Split000
gdb_7244	Split000
gdb_119671	Split000
gdb_130764	Split000
gdb_85839	Split000
gdb_60345	Split000
gdb_111095	Split000
gdb_72109	Split001
gdb_70458	Split000
gdb_1238	Split000
gdb_129156	Split000
gdb_116269	Split001
gdb_98718	Split000
gdb_52892	Split000
gdb_17373	Split001
gdb_114609	Split000
gdb_44900	Split000
gdb_75291	Split000
gdb_52088	Split000
gdb_133348	Split000
gdb_115548	Split000
gdb_71155	Split000
gdb_79819	Split000
gdb_87146	Split000
gdb_121780	Split000
gdb_20891	Split000
gdb_86412	Split000
gdb_5247	Split000
gdb_128826	Split000
gdb_113195	Split000
gdb_52518	Split000
gdb_42659	Split000
gdb_13195	Split000
gdb_55966	Split001
gdb_28389	Split000
gdb_70282	Split000
gdb_101279	Split000
gdb_85913	Split000
gdb_40790	Split001
gdb_122574	Split000
gdb_37917	Split001
gdb_87387	Split000
gdb_9136	Split000
gdb_129333	Split000
gdb_77925	Split000
gdb_64028	Split000
gdb_90100	Split000
gdb_126577	Split001
gdb_40172	Split001
gdb_19209	Split000
gdb_29817	Split000
gdb_57647	Split000
gdb_98321	Split000
gdb_110610	Split000
gdb_55840	Split001
gdb_101148	Split000
gdb_51825	Split000
gdb_7008	Split000
gdb_95225	Split000
gdb_6089	Split000
gdb_13706	Split001
gdb_23815	Split000
gdb_112468	Split000
gdb_69951	Split001
gdb_132062	Split000
gdb_93561	Split000
gdb_6528	Split000
gdb_99863	Split001
gdb_99255	Split000
gdb_39530	Split000
gdb_92244	Split000
gdb_15948	Split000
gdb_87957	Split000
gdb_79780	Split000
gdb_73222	Split000
gdb_132148	Split000
gdb_65867	Split000
gdb_28271	Split000
gdb_92540	Split000
gdb_107295	Split000
gdb_102606	Split000
gdb_18312	Split000
gdb_92334	Split000
gdb_89765	Split000
gdb_108917	Split000
gdb_65062	Split001
gdb_108671	Split001
gdb_20058	Split000
gdb_64625	Split001
gdb_40771	Split000
gdb_35162	Split000
gdb_128834	Split000
gdb_15401	Split000
gdb_126926	Split000
gdb_33215	Split000
gdb_106358	Split001
gdb_101677	Split000
gdb_37954	Split001
gdb_7519	Split000
gdb_113086	Split000
gdb_63624	Split000
gdb_93479	Split000
gdb_76425	Split000
gdb_108043	Split001
gdb_90532	Split000
gdb_49729	Split000
gdb_82394	Split000
gdb_86618	Split000
gdb_16512	Split001
gdb_46928	Split000
gdb_15116	Split000
gdb_107960	Split000
gdb_8765	Split000
gdb_96103	Split000
gdb_112971	Split000
gdb_74772	Split000
gdb_92017	Split000
gdb_9985	Split000
gdb_130081	Split000
gdb_86713	Split000
gdb_20548	Split000
gdb_84935	Split000
gdb_41803	Split000
gdb_60096	Split000
gdb_36069	Split001
gdb_133429	Split000
gdb_3697	Split000
gdb_65660	Split000
gdb_85010	Split000
gdb_118077	Split000
gdb_29711	Split000
gdb_10141	Split000
gdb_1311	Split000
gdb_79083	Split000
gdb_6595	Split000
gdb_130311	Split000
gdb_8854	Split000
gdb_31372	Split000
gdb_107062	Split001
gdb_8656	Split000
gdb_20990	Split000
gdb_87341	Split000
gdb_89716	Split000
gdb_8516	Split000
gdb_95155	Split000
gdb_1283	Split000
gdb_120457	Split001
gdb_56938	Split000
gdb_39929	Split000
gdb_11984	Split000
gdb_93535	Split000
gdb_41219	Split000
gdb_108834	Split000
gdb_105963	Split000
gdb_2525	Split000
gdb_104220	Split000
gdb_2747	Split001
gdb_65718	Split001
gdb_128133	Split000
gdb_96659	Split000
gdb_123742	Split000
gdb_25446	Split000
gdb_49538	Split000
gdb_36475	Split001
gdb_110319	Split000
gdb_1757	Split000
gdb_42809	Split000
gdb_57999	Split000
gdb_67031	Split001
gdb_86632	Split000
gdb_106383	Split001
gdb_31108	Split000
gdb_81737	Split000
gdb_30954	Split000
gdb_59227	Split001
gdb_3713	Split000
gdb_90994	Split000
gdb_91511	Split000
gdb_2536	Split000
gdb_74985	Split000
gdb_57880	Split000
gdb_5556	Split001
gdb_90661	Split000
gdb_58988	Split000
gdb_119366	Split001
gdb_47750	Split000
gdb_127419	Split000
gdb_32465	Split001
gdb_11883	Split000
gdb_55650	Split001
gdb_119639	Split000
gdb_43495	Split000
gdb_67613	Split000
gdb_57710	Split000
gdb_21298	Split000
gdb_38450	Split000
gdb_124617	Split000
gdb_90134	Split000
gdb_29841	Split000
gdb_86331	Split001
gdb_97521	Split000
gdb_19691	Split000
gdb_76583	Split000
gdb_5215	Split000
gdb_79928	Split000
gdb_3418	Split000
gdb_8143	Split000
gdb_65204	Split001
gdb_30769	Split001
gdb_76321	Split000
gdb_29049	Split000
gdb_62892	Split000
gdb_37233	Split000
gdb_47989	Split001
gdb_62433	Split000
gdb_66386	Split000
gdb_19498	Split000
gdb_86694	Split000
gdb_132040	Split000
gdb_66836	Split000
gdb_51844	Split001
gdb_85558	Split000
gdb_29411	Split000
gdb_12067	Split001
gdb_18424	Split000
gdb_66545	Split000
gdb_85363	Split000
gdb_1828	Split000
gdb_106489	Split001
gdb_43417	Split000
gdb_128918	Split000
gdb_103218	Split001
gdb_19727	Split001
gdb_4269	Split000
gdb_182	Split000
gdb_42953	Split000
gdb_43277	Split000
gdb_106394	Split001
gdb_41724	Split001
gdb_127325	Split000
gdb_95953	Split000
gdb_100909	Split000
gdb_65927	Split000
gdb_90093	Split000
gdb_128168	Split001
gdb_28119	Split000
gdb_3404	Split000
gdb_96431	Split001
gdb_133883	Split000
gdb_90710	Split000
gdb_94444	Split000
gdb_15580	Split001
gdb_23918	Split000
gdb_13185	Split000
gdb_129007	Split000
gdb_116857	Split000
gdb_41607	Split000
gdb_13839	Split000
gdb_28035	Split000
gdb_48751	Split001
gdb_120075	Split000
gdb_86986	Split000
gdb_54145	Split000
gdb_20724	Split000
gdb_16084	Split001
gdb_96684	Split000
gdb_3505	Split000
gdb_124678	Split000
gdb_41570	Split001
gdb_11824	Split000
gdb_115867	Split000
gdb_16562	Split000
gdb_129609	Split001
gdb_130925	Split000
gdb_86299	Split001
gdb_113375	Split000
gdb_128896	Split000
gdb_20447	Split000
gdb_123971	Split000
gdb_54113	Split000
gdb_122065	Split000
gdb_98818	Split001
gdb_93224	Split000
gdb_20468	Split000
gdb_33240	Split000
gdb_56608	Split000
gdb_79398	Split000
gdb_109777	Split000
gdb_121335	Split001
gdb_41415	Split000
gdb_58784	Split000
gdb_12158	Split000
gdb_35257	Split000
gdb_4509	Split000
gdb_66825	Split000
gdb_23696	Split000
gdb_117021	Split000
gdb_107100	Split001
gdb_84350	Split001
gdb_125230	Split000
gdb_9031	Split000
gdb_17559	Split000
gdb_102779	Split000
gdb_58033	Split001
gdb_51429	Split001
gdb_90447	Split000
gdb_110003	Split000
gdb_49914	Split000
gdb_103849	Split001
gdb_99301	Split000
gdb_70848	Split000
gdb_127208	Split001
gdb_45280	Split000
gdb_120216	Split001
gdb_60245	Split001
gdb_34528	Split000
gdb_83067	Split000
gdb_1965	Split000
gdb_66156	Split000
gdb_24243	Split001
gdb_45156	Split000
gdb_56271	Split000
gdb_56349	Split000
gdb_50138	Split000
gdb_132763	Split000
gdb_99140	Split001
gdb_106438	Split001
gdb_68198	Split000
gdb_60657	Split000
gdb_74087	Split000
gdb_109871	Split000
gdb_125736	Split000
gdb_14761	Split000
gdb_67588	Split000
gdb_40380	Split001
gdb_127971	Split001
gdb_22856	Split001
gdb_92743	Split000
gdb_129762	Split000
gdb_117220	Split001
gdb_55260	Split000
gdb_7526	Split000
gdb_77095	Split000
gdb_77658	Split000
gdb_38731	Split001
gdb_24016	Split000
gdb_110836	Split000
gdb_109548	Split000
gdb_97839	Split001
gdb_59224	Split001
gdb_2595	Split001
gdb_115274	Split000
gdb_114947	Split000
gdb_70121	Split000
gdb_16901	Split000
gdb_49489	Split001
gdb_130357	Split001
gdb_122718	Split000
gdb_30540	Split000
gdb_40571	Split000
gdb_47139	Split000
gdb_47598	Split000
gdb_116142	Split000
gdb_48579	Split001
gdb_114888	Split000
gdb_99421	Split000
gdb_117484	Split000
gdb_70913	Split000
gdb_41920	Split001
gdb_122253	Split001
gdb_86975	Split000
gdb_38193	Split001
gdb_103644	Split000
gdb_36749	Split000
gdb_21864	Split000
gdb_129340	Split000
gdb_76108	Split000
gdb_33848	Split001
gdb_53894	Split001
gdb_91508	Split000
gdb_12577	Split000
gdb_133171	Split000
gdb_115511	Split000
gdb_41980	Split001
gdb_79839	Split000
gdb_49322	Split000
gdb_67551	Split000
gdb_78758	Split000
gdb_28570	Split000
gdb_77444	Split000
gdb_9461	Split000
gdb_46787	Split000
gdb_103575	Split000
gdb_228	Split000
gdb_55496	Split000
gdb_102863	Split000
gdb_27678	Split000
gdb_9258	Split000
gdb_103374	Split001
gdb_114261	Split000
gdb_122255	Split001
gdb_28359	Split000
gdb_93916	Split000
gdb_23499	Split000
gdb_89700	Split001
gdb_124017	Split000
gdb_70244	Split000
gdb_21013	Split000
gdb_121092	Split000
gdb_2594	Split001
gdb_15070	Split000
gdb_69825	Split001
gdb_87319	Split000
gdb_51061	Split001
gdb_88523	Split001
gdb_29324	Split001
gdb_38718	Split001
gdb_27312	Split000
gdb_131239	Split000
gdb_104744	Split000
gdb_48922	Split000
gdb_116392	Split001
gdb_61331	Split000
gdb_2987	Split000
gdb_46580	Split000
gdb_26309	Split000
gdb_15731	Split000
gdb_84500	Split000
gdb_42808	Split000
gdb_16188	Split001
gdb_30158	Split000
gdb_122811	Split000
gdb_92020	Split000
gdb_109786	Split000
gdb_22136	Split000
gdb_55507	Split000
gdb_62800	Split000
gdb_127704	Split000
gdb_115567	Split000
gdb_9142	Split000
gdb_120346	Split001
gdb_30750	Split001
gdb_6622	Split000
gdb_16057	Split000
gdb_121490	Split000
gdb_78782	Split000
gdb_40630	Split000
gdb_87587	Split000
gdb_10218	Split000
gdb_111068	Split001
gdb_29030	Split000
gdb_38224	Split000
gdb_72241	Split000
gdb_68421	Split000
gdb_47419	Split000
gdb_114298	Split000
gdb_93767	Split000
gdb_27133	Split001
gdb_25890	Split000
gdb_68824	Split000
gdb_105663	Split000
gdb_36823	Split000
gdb_125644	Split000
gdb_45418	Split000
gdb_108786	Split000
gdb_118646	Split000
gdb_37559	Split000
gdb_95090	Split000
gdb_126523	Split000
gdb_14548	Split000
gdb_28397	Split000
gdb_52335	Split000
gdb_30884	Split000
gdb_118817	Split000
gdb_99873	Split001
gdb_3360	Split000
gdb_67212	Split000
gdb_79354	Split000
gdb_107930	Split000
gdb_99326	Split000
gdb_48456	Split000
gdb_59460	Split001
gdb_102927	Split000
gdb_89720	Split000
gdb_84816	Split001
gdb_22245	Split000
gdb_95296	Split000
gdb_113737	Split000
gdb_44631	Split000
gdb_42907	Split000
gdb_48446	Split000
gdb_74819	Split001
gdb_121874	Split000
gdb_4768	Split000
gdb_114789	Split000
gdb_46985	Split000
gdb_8591	Split000
gdb_52993	Split000
gdb_105709	Split001
gdb_89866	Split000
gdb_38628	Split001
gdb_114092	Split000
gdb_76910	Split000
gdb_82078	Split001
gdb_299	Split000
gdb_87090	Split000
gdb_84041	Split000
gdb_5651	Split000
gdb_56857	Split000
gdb_132952	Split000
gdb_128448	Split000
gdb_114237	Split000
gdb_61647	Split001
gdb_36030	Split001
gdb_102610	Split000
gdb_78994	Split000
gdb_125131	Split001
gdb_117618	Split000
gdb_105379	Split001
gdb_100338	Split000
gdb_124877	Split000
gdb_133549	Split001
gdb_69612	Split000
gdb_117780	Split000
gdb_50451	Split001
gdb_36926	Split000
gdb_22998	Split001
gdb_105680	Split000
gdb_66160	Split000
gdb_17706	Split000
gdb_104736	Split000
gdb_51143	Split000
gdb_47740	Split000
gdb_92740	Split000
gdb_21188	Split001
gdb_24642	Split000
gdb_102686	Split000
gdb_73225	Split000
gdb_73610	Split001
gdb_63290	Split000
gdb_111769	Split000
gdb_93453	Split000
gdb_48807	Split000
gdb_124041	Split000
gdb_127438	Split000
gdb_16205	Split000
gdb_42015	Split000
gdb_122531	Split000
gdb_115826	Split000
gdb_62084	Split000
gdb_78882	Split000
gdb_42156	Split000
gdb_80304	Split000
gdb_62910	Split000
gdb_96149	Split000
gdb_61164	Split001
gdb_26854	Split000
gdb_110723	Split001
gdb_70968	Split000
gdb_14419	Split000
gdb_51740	Split000
gdb_127914	Split000
gdb_31006	Split000
gdb_80343	Split000
gdb_131634	Split001
gdb_89420	Split000
gdb_5880	Split000
gdb_32158	Split000
gdb_32116	Split000
gdb_327	Split000
gdb_45107	Split000
gdb_94040	Split000
gdb_7866	Split001
gdb_128560	Split000
gdb_17867	Split000
gdb_66688	Split000
gdb_28267	Split000
gdb_29758	Split000
gdb_14811	Split001
gdb_47170	Split000
gdb_121476	Split000
gdb_64328	Split000
gdb_129715	Split000
gdb_63896	Split000
gdb_103926	Split001
gdb_28034	Split000
gdb_38830	Split001
gdb_84711	Split000
gdb_28268	Split000
gdb_43620	Split000
gdb_111438	Split000
gdb_74277	Split000
gdb_9716	Split000
gdb_56380	Split000
gdb_78722	Split000
gdb_112657	Split000
gdb_84960	Split000
gdb_54866	Split001
gdb_90	Split000
gdb_87059	Split000
gdb_93440	Split000
gdb_42490	Split000
gdb_72400	Split000
gdb_83944	Split000
gdb_95834	Split000
gdb_61021	Split001
gdb_38131	Split001
gdb_52306	Split000
gdb_102398	Split000
gdb_75338	Split000
gdb_48964	Split000
gdb_82932	Split000
gdb_18291	Split000
gdb_38784	Split000
gdb_56334	Split000
gdb_69581	Split000
gdb_23898	Split000
gdb_104167	Split000
gdb_4943	Split000
gdb_23501	Split000
gdb_41340	Split001
gdb_18533	Split001
gdb_88335	Split001
gdb_82006	Split001
gdb_130937	Split000
gdb_35955	Split000
gdb_110892	Split000
gdb_56187	Split000
gdb_129734	Split000
gdb_61888	Split000
gdb_15154	Split000
gdb_32242	Split001
gdb_56800	Split000
gdb_64039	Split000
gdb_127376	Split000
gdb_104500	Split000
gdb_91207	Split000
gdb_13369	Split000
gdb_56596	Split000
gdb_100309	Split000
gdb_34923	Split000
gdb_87279	Split000
gdb_35063	Split000
gdb_44609	Split000
gdb_126408	Split000
gdb_18501	Split001
gdb_23150	Split000
gdb_107381	Split001
gdb_71597	Split000
gdb_65496	Split000
gdb_25533	Split000
gdb_39265	Split001
gdb_8337	Split000
gdb_82194	Split000
gdb_68129	Split000
gdb_102547	Split000
gdb_105518	Split001
gdb_31343	Split000
gdb_3118	Split001
gdb_107003	Split000
gdb_3940	Split000
gdb_102698	Split000
gdb_9974	Split000
gdb_60448	Split000
gdb_25193	Split000
gdb_45262	Split000
gdb_4976	Split000
gdb_7230	Split000
gdb_13488	Split001
gdb_99448	Split000
gdb_66646	Split000
gdb_19219	Split000
gdb_57997	Split000
gdb_50066	Split000
gdb_52598	Split000
gdb_60484	Split000
gdb_37374	Split000
gdb_18002	Split000
gdb_67626	Split000
gdb_14342	Split000
gdb_70680	Split000
gdb_95884	Split000
gdb_100238	Split000
gdb_24827	Split000
gdb_51950	Split000
gdb_121911	Split000
gdb_78487	Split000
gdb_81707	Split000
gdb_47665	Split000
gdb_32209	Split001
gdb_104319	Split001
gdb_11993	Split000
gdb_76402	Split000
gdb_63701	Split000
gdb_32695	Split000
gdb_30681	Split000
gdb_127055	Split000
gdb_10097	Split000
gdb_55503	Split000
gdb_93625	Split001
gdb_31035	Split000
gdb_41368	Split000
gdb_121590	Split000
gdb_26219	Split000
gdb_32855	Split000
gdb_36549	Split000
gdb_12644	Split000
gdb_17895	Split000
gdb_47625	Split001
gdb_2836	Split000
gdb_34504	Split000
gdb_28366	Split000
gdb_37466	Split000
gdb_14286	Split000
gdb_24586	Split000
gdb_28418	Split000
gdb_8915	Split000
gdb_30539	Split000
gdb_103708	Split000
gdb_128636	Split000
gdb_17910	Split000
gdb_101013	Split001
gdb_72340	Split001
gdb_1868	Split000
gdb_10036	Split000
gdb_72812	Split000
gdb_56863	Split000
gdb_17342	Split001
gdb_50986	Split001
gdb_14769	Split000
gdb_4552	Split000
gdb_27633	Split000
gdb_104804	Split001
gdb_30773	Split001
gdb_43589	Split000
gdb_32284	Split001
gdb_101570	Split000
gdb_98329	Split000
gdb_119523	Split001
gdb_44964	Split000
gdb_117381	Split000
gdb_55810	Split000
gdb_83390	Split000
gdb_29402	Split000
gdb_50070	Split000
gdb_96514	Split000
gdb_21379	Split000
gdb_115809	Split000
gdb_24086	Split000
gdb_64348	Split000
gdb_72043	Split001
gdb_37220	Split001
gdb_87082	Split000
gdb_86905	Split000
gdb_75506	Split000
gdb_65550	Split001
gdb_85751	Split000
gdb_11822	Split000
gdb_45624	Split000
gdb_79230	Split000
gdb_67731	Split000
gdb_61167	Split001
gdb_82634	Split000
gdb_100310	Split000
gdb_10692	Split001
gdb_68023	Split000
gdb_82133	Split000
gdb_72343	Split001
gdb_71166	Split000
gdb_121803	Split000
gdb_61084	Split000
gdb_65547	Split001
gdb_77060	Split001
gdb_53193	Split001
gdb_50426	Split001
gdb_97904	Split000
gdb_94366	Split000
gdb_121724	Split000
gdb_7470	Split000
gdb_41209	Split000
gdb_114435	Split000
gdb_27939	Split000
gdb_7728	Split000
gdb_46488	Split000
gdb_100350	Split000
gdb_12556	Split000
gdb_117241	Split001
gdb_70273	Split000
gdb_28553	Split000
gdb_54692	Split000
gdb_63970	Split000
gdb_62701	Split000
gdb_117936	Split000
gdb_5159	Split000
gdb_10953	Split000
gdb_77505	Split000
gdb_28888	Split000
gdb_9001	Split000
gdb_112740	Split000
gdb_2181	Split000
gdb_9214	Split000
gdb_90130	Split000
gdb_41937	Split000
gdb_76017	Split001
gdb_72378	Split000
gdb_70573	Split001
gdb_70914	Split000
gdb_103227	Split001
gdb_99216	Split000
gdb_40545	Split001
gdb_46466	Split001
gdb_119633	Split001
gdb_106693	Split000
gdb_44725	Split000
gdb_48242	Split000
gdb_25486	Split000
gdb_129100	Split000
gdb_39877	Split001
gdb_144	Split000
gdb_78960	Split000
gdb_111500	Split000
gdb_49311	Split000
gdb_80823	Split000
gdb_25546	Split000
gdb_28548	Split000
gdb_132230	Split000
gdb_57969	Split000
gdb_69153	Split000
gdb_47643	Split000
gdb_80262	Split000
gdb_25938	Split000
gdb_15461	Split001
gdb_31980	Split000
gdb_83264	Split000
gdb_130788	Split000
gdb_58007	Split000
gdb_1009	Split000
gdb_102361	Split000
gdb_17406	Split000
gdb_109315	Split000
gdb_32369	Split000
gdb_39427	Split001
gdb_50571	Split001
gdb_1950	Split000
gdb_99791	Split000
gdb_32297	Split001
gdb_81510	Split000
gdb_113562	Split000
gdb_113669	Split000
gdb_14308	Split000
gdb_81514	Split000
gdb_117739	Split000
gdb_20024	Split000
gdb_81299	Split000
gdb_4307	Split000
gdb_68136	Split000
gdb_109930	Split000
gdb_10647	Split000
gdb_92086	Split000
gdb_105912	Split001
gdb_128406	Split001
gdb_13080	Split001
gdb_28061	Split000
gdb_10298	Split000
gdb_57733	Split000
gdb_55524	Split000
gdb_97952	Split000
gdb_8996	Split000
gdb_83433	Split000
gdb_123733	Split000
gdb_53204	Split001
gdb_82422	Split000
gdb_22193	Split000
gdb_50915	Split000
gdb_75143	Split000
gdb_118818	Split000
gdb_11633	Split001
gdb_71369	Split000
gdb_131372	Split000
gdb_70668	Split000
gdb_8149	Split000
gdb_41815	Split000
gdb_130494	Split000
gdb_52858	Split001
gdb_76480	Split000
gdb_115606	Split000
gdb_40243	Split000
gdb_46800	Split000
gdb_33128	Split001
gdb_81100	Split000
gdb_20432	Split000
gdb_44415	Split000
gdb_101510	Split000
gdb_18307	Split000
gdb_39453	Split000
gdb_30079	Split001
gdb_9003	Split000
gdb_22006	Split000
gdb_44981	Split001
gdb_55475	Split000
gdb_8281	Split000
gdb_3452	Split000
gdb_99160	Split001
gdb_130395	Split001
gdb_107135	Split000
gdb_48828	Split000
gdb_65704	Split000
gdb_129328	Split001
gdb_31839	Split000
gdb_42132	Split000
gdb_5618	Split001
gdb_48270	Split000
gdb_10255	Split000
gdb_76472	Split000
gdb_128039	Split000
gdb_123600	Split001
gdb_41731	Split000
gdb_94818	Split000
gdb_40461	Split000
gdb_98319	Split000
gdb_60768	Split000
gdb_70364	Split001
gdb_21633	Split000
gdb_30869	Split000
gdb_43884	Split000
gdb_104104	Split000
gdb_8463	Split000
gdb_5888	Split000
gdb_18726	Split000
gdb_14399	Split001
gdb_98162	Split001
gdb_50686	Split001
gdb_24787	Split000
gdb_91310	Split000
gdb_47444	Split000
gdb_79659	Split001
gdb_93641	Split001
gdb_35727	Split000
gdb_108266	Split000
gdb_124168	Split000
gdb_10748	Split000
gdb_74148	Split000
gdb_47873	Split000
gdb_24600	Split000
gdb_12569	Split000
gdb_108668	Split001
gdb_27656	Split000
gdb_33648	Split000
gdb_41050	Split000
gdb_57704	Split000
gdb_26207	Split000
gdb_31966	Split000
gdb_81826	Split000
gdb_43731	Split000
gdb_126024	Split000
gdb_16254	Split000
gdb_61203	Split000
gdb_7211	Split000
gdb_48212	Split000
gdb_130854	Split000
gdb_87874	Split000
gdb_92194	Split000
gdb_98580	Split000
gdb_6854	Split000
gdb_97137	Split000
gdb_83879	Split000
gdb_12147	Split000
gdb_115714	Split001
gdb_52787	Split000
gdb_95368	Split000
gdb_41594	Split001
gdb_112830	Split000
gdb_59784	Split000
gdb_17754	Split000
gdb_27745	Split000
gdb_90177	Split000
gdb_44251	Split000
gdb_76832	Split000
gdb_9029	Split000
gdb_18706	Split000
gdb_67232	Split000
gdb_41337	Split001
gdb_75588	Split000
gdb_133536	Split000
gdb_119480	Split001
gdb_107539	Split000
gdb_60903	Split000
gdb_30113	Split000
gdb_39052	Split001
gdb_90743	Split000
gdb_35269	Split000
gdb_66166	Split000
gdb_133384	Split000
gdb_36752	Split000
gdb_10842	Split000
gdb_59667	Split000
gdb_5921	Split000
gdb_130879	Split000
gdb_23244	Split000
gdb_72578	Split000
gdb_111264	Split000
gdb_74721	Split001
gdb_95143	Split000
gdb_17121	Split000
gdb_109966	Split000
gdb_128583	Split001
gdb_39372	Split000
gdb_79831	Split000
gdb_41148	Split001
gdb_54065	Split000
gdb_94781	Split001
gdb_78815	Split000
gdb_53275	Split001
gdb_114536	Split000
gdb_114687	Split000
gdb_74729	Split000
gdb_108372	Split000
gdb_75677	Split000
gdb_62973	Split000
gdb_109778	Split000
gdb_30551	Split000
gdb_44289	Split000
gdb_6367	Split000
gdb_14876	Split001
gdb_118464	Split000
gdb_109490	Split000
gdb_114753	Split000
gdb_87643	Split000
gdb_105658	Split000
gdb_38893	Split000
gdb_56092	Split000
gdb_99395	Split000
gdb_79512	Split000
gdb_80464	Split000
gdb_45699	Split000
gdb_108320	Split001
gdb_13828	Split000
gdb_20226	Split000
gdb_83142	Split000
gdb_18306	Split000
gdb_21023	Split000
gdb_35982	Split000
gdb_109036	Split000
gdb_72973	Split000
gdb_100284	Split001
gdb_119343	Split000
gdb_74363	Split000
gdb_3654	Split000
gdb_15764	Split000
gdb_110498	Split000
gdb_89378	Split000
gdb_69711	Split000
gdb_29396	Split000
gdb_79126	Split000
gdb_112735	Split000
gdb_85012	Split000
gdb_72664	Split001
gdb_104936	Split001
gdb_13593	Split001
gdb_54376	Split001
gdb_53077	Split001
gdb_2205	Split000
gdb_87945	Split000
gdb_2841	Split000
gdb_8125	Split000
gdb_26249	Split000
gdb_82444	Split000
gdb_121635	Split000
gdb_130366	Split000
gdb_53218	Split001
gdb_72964	Split000
gdb_13029	Split000
gdb_2274	Split000
gdb_115364	Split000
gdb_7811	Split000
gdb_59951	Split001
gdb_119972	Split000
gdb_110338	Split000
gdb_121838	Split000
gdb_51888	Split000
gdb_29084	Split000
gdb_74889	Split000
gdb_92067	Split000
gdb_102664	Split000
gdb_67998	Split000
gdb_10794	Split000
gdb_16935	Split000
gdb_120281	Split000
gdb_87060	Split000
gdb_31057	Split000
gdb_129504	Split000
gdb_82639	Split000
gdb_123056	Split000
gdb_107546	Split000
gdb_28628	Split000
gdb_72627	Split000
gdb_5706	Split000
gdb_14275	Split000
gdb_119772	Split000
gdb_33441	Split001
gdb_9045	Split000
gdb_91442	Split000
gdb_27556	Split000
gdb_54307	Split000
gdb_117590	Split000
gdb_91901	Split000
gdb_74900	Split000
gdb_84627	Split000
gdb_106987	Split000
gdb_128081	Split000
gdb_80196	Split000
gdb_62293	Split001
gdb_112226	Split000
gdb_114853	Split000
gdb_18035	Split000
gdb_55473	Split000
gdb_107315	Split000
gdb_1323	Split000
gdb_84996	Split000
gdb_94011	Split000
gdb_17866	Split000
gdb_29065	Split000
gdb_25776	Split000
gdb_3738	Split000
gdb_77924	Split000
gdb_125915	Split000
gdb_17129	Split000
gdb_62604	Split000
gdb_53792	Split001
gdb_91641	Split000
gdb_31464	Split000
gdb_105519	Split001
gdb_125935	Split000
gdb_98259	Split000
gdb_60904	Split000
gdb_50766	Split000
gdb_119382	Split001
gdb_31831	Split000
gdb_45668	Split000
gdb_108155	Split000
gdb_66368	Split000
gdb_94231	Split000
gdb_27850	Split000
gdb_70205	Split000
gdb_74785	Split000
gdb_131164	Split001
gdb_67937	Split000
gdb_30141	Split000
gdb_21723	Split000
gdb_26482	Split000
gdb_57044	Split001
gdb_72640	Split000
gdb_76732	Split000
gdb_108356	Split000
gdb_80435	Split000
gdb_104474	Split001
gdb_126739	Split000
gdb_98901	Split000
gdb_69336	Split001
gdb_71688	Split000
gdb_22233	Split000
gdb_112674	Split000
gdb_83326	Split000
gdb_86475	Split000
gdb_33618	Split001
gdb_76104	Split000
